0, 0.013086319, -0.015969515, -0.0296278, 1829140742828746
1, -0.296305, -0.84928864, 0.019372432, 1829140742828746
0, 0.017532825, -0.02301097, -0.017711163, 1829140747833628
1, -0.29633802, -0.84927046, 0.019355383, 1829140747833628
1, -0.29642066, -0.8492273, 0.019324016, 1829140752838511
0, 0.05047989, -0.03930521, -0.003563404, 1829140752838511
0, 0.02853012, -0.038988113, 0.0010480881, 1829140757812876
1, -0.2953952, -0.84957415, 0.01985886, 1829140757812876
0, 0.011559963, -6.933212E-4, -0.0038456917, 1829140762817759
1, -0.2954141, -0.84956276, 0.019843979, 1829140762817759
1, -0.2954699, -0.8495338, 0.019823361, 1829140767822642
0, 0.008862495, -0.041102648, -0.004052639, 1829140767822642
0, -0.015161991, -0.028993845, 0.01714611, 1829140772827525
1, -0.29551733, -0.8495089, 0.019804357, 1829140772827525
1, -0.29462513, -0.84981614, 0.020240428, 1829140777832408
0, -0.012868881, 0.025697231, 2.1743774E-4, 1829140777832408
0, -0.0010757446, 0.003988266, -0.007060528, 1829140782837291
1, -0.29462805, -0.84981203, 0.020226456, 1829140782837291
1, -0.29464686, -0.8498009, 0.020212704, 1829140787842173
0, -0.0036530495, -0.007982492, -0.016743183, 1829140787842173
1, -0.29464805, -0.8497969, 0.020195598, 1829140792847056
0, -0.0038952827, 0.01336813, -0.023992062, 1829140792847056
1, -0.2934755, -0.8501987, 0.020774696, 1829140797851939
0, -0.020765305, 0.027335167, -2.9706955E-4, 1829140797851939
1, -0.29348257, -0.8501914, 0.020754326, 1829140802826304
0, -0.018425941, 0.012689114, 0.01615715, 1829140802826304
1, -0.29348582, -0.85018784, 0.02074348, 1829140807831187
0, -0.03273678, 0.0077090263, 0.0015749931, 1829140807831187
1, -0.29347485, -0.8501885, 0.020722933, 1829140812836070
0, -0.006570339, 0.026436567, -9.851456E-4, 1829140812836070
1, -0.2925306, -0.8505081, 0.02119816, 1829140817840953
0, 0.0052018166, 2.1457672E-6, 0.008384228, 1829140817840953
1, -0.2925106, -0.85051626, 0.02119508, 1829140822815318
0, 0.014529705, 0.023791313, -0.046458244, 1829140822815318
1, -0.2925008, -0.8505197, 0.021190627, 1829140827820201
0, -0.004758835, 0.0069134235, -0.029635906, 1829140827820201
0, 0.01879692, -0.0027062893, 0.0083527565, 1829140832825084
1, -0.29254422, -0.8504939, 0.021157512, 1829140832825084
0, 0.032621384, -0.012230635, -0.0014810562, 1829140837829966
1, -0.2924564, -0.8505116, 0.021192791, 1829140837829966
1, -0.2924887, -0.8504931, 0.021171207, 1829140842834849
0, -0.01539135, 0.0044903755, 6.00338E-4, 1829140842834849
1, -0.292477, -0.8504954, 0.021157345, 1829140847839732
0, -0.020303726, 0.035294056, -0.028226852, 1829140847839732
1, -0.29250458, -0.85047823, 0.021132259, 1829140852844615
0, -0.013265133, 0.020781994, 0.0025553703, 1829140852844615
1, -0.29193088, -0.8506619, 0.021428894, 1829140857849498
0, -0.0015339851, -0.012578249, 0.023593426, 1829140857849498
1, -0.2919758, -0.85063857, 0.021411449, 1829140862854380
0, -0.025458336, -0.014864922, 0.020797253, 1829140862854380
1, -0.29193103, -0.85065854, 0.02141257, 1829140867859263
0, -0.008793831, 0.025454283, -0.04124689, 1829140867859263
1, -0.29191118, -0.85066617, 0.021407181, 1829140872864146
0, -0.006568432, 0.010868549, -0.036352634, 1829140872864146
1, -0.29112902, -0.85092986, 0.021805521, 1829140877869029
0, -0.0066924095, -0.0059051514, -0.005367279, 1829140877869029
1, -0.2911045, -0.8509405, 0.021804929, 1829140882873912
0, -0.028086185, 0.032091856, 0.0041065216, 1829140882873912
1, -0.29112244, -0.8509291, 0.021787208, 1829140887878794
0, 0.0076823235, 0.017623663, 0.00869751, 1829140887878794
1, -0.29113826, -0.850922, 0.021786481, 1829140892853160
0, -0.0043768883, -0.018106699, -0.020015717, 1829140892853160
1, -0.29000878, -0.8512998, 0.02235643, 1829140897858043
0, -0.002175331, 9.4914436E-4, 0.010810852, 1829140897858043
1, -0.29002962, -0.85128886, 0.022347087, 1829140902862925
0, -0.004743099, -0.018102407, -0.020371437, 1829140902862925
1, -0.29004547, -0.8512801, 0.022338126, 1829140907837291
0, -0.0071787834, -0.0037341118, 0.0010538101, 1829140907837291
1, -0.2900671, -0.85126656, 0.022317702, 1829140912842173
0, 0.0093483925, 0.010561228, 8.659363E-4, 1829140912842173
1, -0.2895187, -0.85145247, 0.022595549, 1829140917847056
0, -0.012228012, 0.008113623, -0.015934944, 1829140917847056
1, -0.28955472, -0.8514336, 0.022579705, 1829140922851939
0, -3.95298E-4, -0.010943174, 0.0077753067, 1829140922851939
1, -0.28954068, -0.8514391, 0.022576574, 1829140927856822
0, 0.018434525, 9.729862E-4, -0.05419779, 1829140927856822
0, 0.022884846, 0.00570035, -0.013538837, 1829140932861705
1, -0.28955406, -0.8514298, 0.02255918, 1829140932861705
0, 0.020233154, -0.0014212132, 7.0238113E-4, 1829140937836070
1, -0.28943196, -0.851465, 0.022619493, 1829140937836070
0, 0.0033960342, 0.0033316612, 6.380081E-4, 1829140942840953
1, -0.28943866, -0.85146064, 0.02261216, 1829140942840953
0, 0.0104727745, -0.0014262199, 0.012459755, 1829140947845835
1, -0.2894595, -0.8514492, 0.022600658, 1829140947845835
0, 0.0055828094, -0.01805067, -0.0019340515, 1829140952850718
1, -0.2894777, -0.8514403, 0.022595955, 1829140952850718
0, -0.015929699, 0.0058574677, -0.018673897, 1829140957855601
1, -0.28894004, -0.85162413, 0.02287074, 1829140957855601
1, -0.28893608, -0.85162675, 0.022875302, 1829140962860484
0, -0.015816689, 0.0010674, -0.0019168854, 1829140962860484
1, -0.28893983, -0.8516237, 0.022868315, 1829140967865367
0, -0.010953426, 0.008131981, 0.02184248, 1829140967865367
1, -0.28890967, -0.85163957, 0.022881921, 1829140972870250
0, -0.0298872, 0.0056033134, -0.009191036, 1829140972870250
1, -0.28886986, -0.8516624, 0.022909136, 1829140977875132
0, -0.010590553, -0.0015172958, -0.047085285, 1829140977875132
1, -0.28884012, -0.8516772, 0.022918215, 1829140982880015
0, -9.880066E-4, 0.010325909, -0.015769958, 1829140982880015
0, -0.015176773, 0.0126369, -0.027462482, 1829140987884898
1, -0.28880042, -0.85169846, 0.022938106, 1829140987884898
0, -0.0054893494, 0.007833481, 0.013184071, 1829140992889781
1, -0.28879833, -0.85169995, 0.02294112, 1829140992889781
0, 0.018322945, -0.02545476, 0.0012130737, 1829140997864146
1, -0.28882453, -0.85168767, 0.022936933, 1829140997864146
1, -0.28884187, -0.851683, 0.022951813, 1829141002869029
0, -0.012658119, -0.034648657, -0.00829792, 1829141002869029
1, -0.28886497, -0.8516742, 0.022958172, 1829141007873912
0, 0.00410223, -0.036702156, -0.0010700226, 1829141007873912
1, -0.28883868, -0.8516874, 0.022966893, 1829141012878794
0, 0.025442123, 0.0016009808, -0.043798923, 1829141012878794
0, 0.010921001, 0.008741856, -0.022149563, 1829141017883677
1, -0.2888344, -0.85168856, 0.022963224, 1829141017883677
1, -0.288866, -0.8516745, 0.022962095, 1829141022858043
0, 0.0012869835, -0.02447319, -0.005445957, 1829141022858043
0, 0.017882347, -0.0147333145, 0.008794308, 1829141027862925
1, -0.28889757, -0.85165834, 0.022950267, 1829141027862925
0, -0.0013108253, -0.0074396133, 0.0062713623, 1829141032867808
1, -0.28892043, -0.8516472, 0.022944253, 1829141032867808
0, 0.0058054924, -0.0074193478, 0.013339996, 1829141037872691
1, -0.28893623, -0.85163856, 0.022935567, 1829141037872691
1, -0.28891608, -0.8516481, 0.02293922, 1829141042877574
0, 0.010501862, 0.014050722, -0.024772167, 1829141042877574
0, -0.008582592, -3.247261E-4, -0.015084267, 1829141047882457
1, -0.28890175, -0.85165614, 0.022948038, 1829141047882457
0, -0.010876656, 0.0020432472, -0.01256609, 1829141052887339
1, -0.28888345, -0.85166615, 0.02295831, 1829141052887339
0, -0.015574455, -0.014572144, -0.014888287, 1829141057892222
1, -0.2888833, -0.85166806, 0.022967797, 1829141057892222
0, -0.005979061, -0.031090736, 0.016083717, 1829141062897105
1, -0.2889164, -0.851653, 0.022964505, 1829141062897105
0, 0.0059571266, 0.023843288, 0.02305603, 1829141067901988
1, -0.28892753, -0.85164535, 0.022950549, 1829141067901988
0, -0.010650158, -6.198883E-6, 0.01101017, 1829141072906871
1, -0.2889342, -0.8516433, 0.022955103, 1829141072906871
0, 0.010799885, -0.007212162, 0.0014624596, 1829141077911753
1, -0.28893533, -0.8516421, 0.022951463, 1829141077911753
0, 0.015407085, 0.009467125, -0.0128622055, 1829141082916636
1, -0.2889322, -0.8516421, 0.022944337, 1829141082916636
0, 0.017679214, -0.009558439, 0.008612633, 1829141087891001
1, -0.28895563, -0.85163033, 0.022936905, 1829141087891001
0, -0.02997303, -0.02131486, 0.029885769, 1829141092895884
1, -0.28898582, -0.8516172, 0.022937384, 1829141092895884
0, -0.01309824, 2.1290779E-4, -0.0012149811, 1829141097900767
1, -0.28897837, -0.8516215, 0.022942595, 1829141097900767
0, -0.008274555, 1.9526482E-4, 0.010622501, 1829141102905650
1, -0.2889871, -0.85161674, 0.022937782, 1829141102905650
0, -0.001209259, 0.0048282146, 0.015203953, 1829141107910533
1, -0.28899893, -0.8516082, 0.022920823, 1829141107910533
0, -0.008347988, -1.1205673E-5, 8.177757E-4, 1829141112915416
1, -0.28899613, -0.8516094, 0.022920413, 1829141112915416
0, -0.003627777, 0.0023858547, -0.0016756058, 1829141117920298
1, -0.28900793, -0.8516028, 0.02291311, 1829141117920298
0, 0.015307903, 0.016557455, 0.03622341, 1829141122894664
1, -0.2890409, -0.85158205, 0.022880958, 1829141122894664
0, 0.010296822, -0.035862684, -0.0045681, 1829141127899546
1, -0.2890802, -0.8515625, 0.022869218, 1829141127899546
0, 0.0030303001, -0.023664236, -0.00222826, 1829141132904429
1, -0.28910658, -0.8515502, 0.022865519, 1829141132904429
0, -0.023133755, 0.04062009, 0.016759872, 1829141137909312
1, -0.2890855, -0.8515586, 0.022861388, 1829141137909312
0, -0.020602226, -0.023831844, -3.0040741E-5, 1829141142914195
1, -0.28909722, -0.8515548, 0.022868019, 1829141142914195
0, 0.015167713, -0.01882863, -0.002456665, 1829141147919078
1, -0.28912383, -0.85154206, 0.022862244, 1829141147919078
0, 0.0292902, 0.019202948, 0.054595947, 1829141152923960
1, -0.2891503, -0.8515239, 0.022828985, 1829141152923960
0, 0.014847279, 0.0048058033, 0.00908041, 1829141157928843
1, -0.28915387, -0.8515212, 0.022823244, 1829141157928843
0, -0.018590927, 0.0024809837, -0.038604736, 1829141162933726
1, -0.2891373, -0.85153127, 0.022837527, 1829141162933726
0, -0.0113453865, -0.018952847, 0.009179115, 1829141167908091
1, -0.2891525, -0.8515245, 0.022836804, 1829141167908091
0, -0.00889492, -0.00936079, -0.017012596, 1829141172912974
1, -0.28913853, -0.8515325, 0.022846611, 1829141172912974
0, 0.0054278374, -0.023532152, -0.023965836, 1829141177917857
1, -0.28913483, -0.8515364, 0.02285782, 1829141177917857
1, -0.28915325, -0.85152614, 0.022846851, 1829141182892222
0, 0.00540781, 0.0051836967, 0.026109219, 1829141182892222
0, 0.010140896, -0.006721735, 0.011662006, 1829141187897105
1, -0.28916854, -0.8515184, 0.022841522, 1829141187897105
0, -0.018362999, -0.018507719, -0.014475822, 1829141192901988
1, -0.28915352, -0.85152936, 0.022863733, 1829141192901988
1, -0.2891457, -0.85153395, 0.022869756, 1829141197906871
0, -0.0134654045, 0.007822752, -0.0072641373, 1829141197906871
0, 0.010302544, 0.012498379, -0.026290417, 1829141202911753
1, -0.28913316, -0.8515388, 0.02286644, 1829141202911753
1, -0.2891062, -0.8515549, 0.022888195, 1829141207916636
0, -0.0040273666, -0.01610899, -0.04268408, 1829141207916636
0, -0.0015611649, 0.01492095, 0.012336254, 1829141212921519
1, -0.28909963, -0.8515577, 0.022887893, 1829141212921519
0, -0.015825748, -0.0017738342, 0.0050325394, 1829141217926402
1, -0.28911206, -0.8515522, 0.02288739, 1829141217926402
0, -0.0299716, -0.01118207, 0.0073080063, 1829141222900767
1, -0.2891252, -0.8515477, 0.022893885, 1829141222900767
0, -0.022633553, 0.02691865, 0.030930042, 1829141227905650
1, -0.2891319, -0.8515426, 0.022882966, 1829141227905650
0, -0.012979031, 0.003032446, 0.006849766, 1829141232910533
1, -0.28914586, -0.8515359, 0.022880122, 1829141232910533
0, -0.005782604, 0.029253006, -0.009910107, 1829141237915416
1, -0.28913593, -0.8515402, 0.022879642, 1829141237915416
0, -0.020058632, -0.008996725, -0.0027971268, 1829141242920298
1, -0.28914413, -0.8515368, 0.022880597, 1829141242920298
0, -0.024681568, 0.026725292, 0.011406422, 1829141247925181
1, -0.289135, -0.8515403, 0.022878405, 1829141247925181
0, -0.019765377, 0.021853924, 0.037332058, 1829141252930064
1, -0.28916094, -0.851526, 0.022863202, 1829141252930064
0, -0.0030736923, 0.019424677, 0.022617817, 1829141257934947
1, -0.2891941, -0.8515074, 0.022842703, 1829141257934947
0, -0.003118515, -0.0020759106, -0.010911465, 1829141262939830
1, -0.2892003, -0.8515044, 0.022840882, 1829141262939830
0, -0.03164053, 0.016990662, 0.010434151, 1829141267944712
1, -0.2892031, -0.8515028, 0.02283913, 1829141267944712
0, -0.017286777, 0.0050389767, 0.012521744, 1829141272949595
1, -0.2892328, -0.85148686, 0.022824086, 1829141272949595
0, -0.005396366, -0.0068917274, -0.006706238, 1829141277923960
1, -0.2892472, -0.85147923, 0.02281751, 1829141277923960
0, -0.00776577, 0.009753466, -0.016197205, 1829141282928843
1, -0.2892283, -0.8514882, 0.022821011, 1829141282928843
0, 0.008813381, 0.019111872, -0.020909786, 1829141287933726
1, -0.28921255, -0.8514938, 0.022814328, 1829141287933726
0, -0.015135288, -0.004793167, 4.7445297E-4, 1829141292938609
1, -0.2892307, -0.8514843, 0.02280657, 1829141292938609
0, 0.022681713, -0.009775162, 0.014757633, 1829141933044810
1, -0.29073632, -0.85069364, 0.022149026, 1829141933044810
0, 0.024813175, -1.0943413E-4, 0.0050206184, 1829141938049693
1, -0.29077068, -0.85067487, 0.022130568, 1829141938049693
1, -0.2907989, -0.8506592, 0.022113897, 1829141943054576
0, 0.005530834, -0.00726223, 0.016760826, 1829141943054576
1, -0.2908729, -0.8506208, 0.022084657, 1829141948059459
0, 0.014854908, -0.038112164, 0.037882805, 1829141948059459
0, 0.0052218437, -0.011656046, 0.037531376, 1829141953064341
1, -0.29091793, -0.8505973, 0.022065958, 1829141953064341
0, 0.019331455, -0.0067863464, 0.0038628578, 1829141958069224
1, -0.29094905, -0.85058016, 0.022048455, 1829141958069224
0, -0.0046100616, -0.030459166, -0.0033550262, 1829141963074107
1, -0.29097462, -0.85056925, 0.0220502, 1829141963074107
1, -0.2910248, -0.85054344, 0.022031574, 1829141968078990
0, 0.021460056, -0.034983397, 0.013221264, 1829141968078990
0, 0.0023007393, -0.0015046597, -0.015349865, 1829141973083873
1, -0.291008, -0.85055226, 0.022038618, 1829141973083873
1, -0.29095083, -0.85058117, 0.02205753, 1829141978088755
0, -0.002474308, 0.019841194, -0.04844904, 1829141978088755
0, -0.0024108887, 0.026734114, 0.006641388, 1829141983093638
1, -0.29092368, -0.8505932, 0.022058235, 1829141983093638
1, -0.29090565, -0.8506034, 0.022069573, 1829141988068003
0, -0.0070548058, 0.009955406, -0.002840519, 1829141988068003
1, -0.29085922, -0.8506244, 0.022072379, 1829141993072886
0, 0.0025801659, 0.04543543, -3.3473969E-4, 1829141993072886
1, -0.29083955, -0.8506347, 0.02208081, 1829141998077769
0, -0.011637211, 0.0022461414, 0.006901264, 1829141998077769
1, -0.2907941, -0.8506578, 0.02209656, 1829142003082652
0, 0.005147457, 0.009275436, -0.028669834, 1829142003082652
1, -0.29075667, -0.850678, 0.022115404, 1829142008087535
0, -0.011453152, 0.013983011, -0.021234512, 1829142008087535
1, -0.29073748, -0.8506852, 0.022109043, 1829142013092418
0, 0.0052671432, 0.020867586, 0.007482052, 1829142013092418
0, 4.9877167E-4, 0.01594162, 0.019321918, 1829142018097300
1, -0.29073584, -0.8506845, 0.022102345, 1829142018097300
0, 0.012351036, 0.00391984, -0.025967121, 1829142023102183
1, -0.2907199, -0.8506922, 0.022105718, 1829142023102183
0, -0.013859272, 0.02764988, -0.0020074844, 1829142028107066
1, -0.2906955, -0.8507038, 0.022109933, 1829142028107066
0, 0.0028643608, 0.027446747, 0.005115509, 1829142033111949
1, -0.29068664, -0.8507063, 0.022103038, 1829142033111949
1, -0.29070607, -0.8506976, 0.022102056, 1829142038116832
0, -0.016173363, -0.0035538673, 0.009750366, 1829142038116832
0, -0.018420696, -0.008201599, -0.0022449493, 1829142043121714
1, -0.29071113, -0.8506968, 0.022109443, 1829142043121714
1, -0.29072315, -0.8506918, 0.022110812, 1829142048096080
0, -0.011113644, -0.008112192, 0.019178867, 1829142048096080
0, -0.025203228, 0.029931545, 0.0072255135, 1829142053100962
1, -0.2906895, -0.85070854, 0.022120547, 1829142053100962
1, -0.29067725, -0.85071796, 0.022140814, 1829142058105845
0, -0.022609234, -0.005809307, -0.028505802, 1829142058105845
0, 0.0060482025, 0.013404846, 0.016735554, 1829142063110728
1, -0.29070726, -0.85070187, 0.022126067, 1829142063110728
1, -0.29075947, -0.850677, 0.022116566, 1829142068115611
0, 0.0012397766, -0.022172451, 0.021265984, 1829142068115611
1, -0.29079267, -0.85066336, 0.022121064, 1829142073120494
0, 0.010756969, -0.040887117, -0.007417202, 1829142073120494
0, 0.015381813, -0.023879051, 0.0068478584, 1829142078094859
1, -0.29083, -0.8506451, 0.022111814, 1829142078094859
0, -0.010931969, -0.021288633, -0.03129387, 1829142083099742
1, -0.2908285, -0.8506481, 0.022123544, 1829142083099742
0, -0.029870033, -0.011549711, -0.004989624, 1829142088104625
1, -0.2908342, -0.85064757, 0.022133468, 1829142088104625
1, -0.2908408, -0.85064447, 0.022132339, 1829142093109507
0, -0.008276939, 0.014811754, -0.0026683807, 1829142093109507
1, -0.2908321, -0.85065174, 0.022149757, 1829142098114390
0, -0.022468567, -0.006561041, -0.028844833, 1829142098114390
0, -0.012847424, 0.01006031, -0.0025458336, 1829142103119273
1, -0.2908232, -0.8506553, 0.022148157, 1829142103119273
0, -0.017621994, -0.009073257, -0.03825569, 1829142108124156
1, -0.29080576, -0.8506651, 0.022158537, 1829142108124156
1, -0.29083484, -0.850653, 0.022161892, 1829142113098521
0, -0.015185833, -0.027906895, -0.011967659, 1829142113098521
1, -0.29083118, -0.8506564, 0.02217104, 1829142118103404
0, -0.015129566, -0.0062344074, -0.026233673, 1829142118103404
0, 0.011092186, 0.012860775, 0.026168346, 1829142123108287
1, -0.29085726, -0.85064113, 0.022151904, 1829142123108287
0, 0.0133218765, 0.027013779, -0.021606445, 1829142128113169
1, -0.29083854, -0.8506484, 0.022147175, 1829142128113169
0, 0.013220787, 0.003068447, -5.865097E-5, 1829142133118052
1, -0.29084265, -0.85064566, 0.022142617, 1829142133118052
0, -0.0034775734, 0.00540781, 0.02611351, 1829142138122935
1, -0.29085016, -0.8506413, 0.022137173, 1829142138122935
0, -0.005830765, 0.014829397, -2.1219254E-4, 1829142143127818
1, -0.2908343, -0.8506484, 0.022137782, 1829142143127818
0, 0.02742529, 0.009906769, -0.021596909, 1829142148132701
1, -0.29082122, -0.85065293, 0.022131883, 1829142148132701
1, -0.29082856, -0.85064775, 0.022121932, 1829142153137584
0, -0.0013027191, 0.016978502, 0.018918514, 1829142153137584
1, -0.29082775, -0.8506495, 0.022128837, 1829142158142466
0, -0.01309824, -0.006908655, 0.011718273, 1829142158142466
1, -0.29082817, -0.85064965, 0.022130663, 1829142163116832
0, 0.017887592, -0.0020439625, -0.016878605, 1829142163116832
1, -0.29081243, -0.85065526, 0.022124095, 1829142168121714
0, 0.017746925, 0.0264678, -0.0048656464, 1829142168121714
1, -0.29081273, -0.8506525, 0.022111058, 1829142173096080
0, 0.008119583, 0.033438683, 0.016520023, 1829142173096080
1, -0.29084972, -0.8506336, 0.02209791, 1829142178100962
0, 0.008028507, -0.014289379, 0.021089554, 1829142178100962
1, -0.29087675, -0.8506213, 0.022095412, 1829142183105845
0, 0.007921219, -0.018819094, -0.01005125, 1829142183105845
1, -0.29090655, -0.8506049, 0.022079015, 1829142188110728
0, 0.019694805, 3.9291382E-4, 0.013730526, 1829142188110728
1, -0.29091623, -0.85059816, 0.02206663, 1829142193115611
0, -0.0066399574, 0.0074431896, 0.023074627, 1829142193115611
1, -0.29091102, -0.85060245, 0.022076514, 1829142198120494
0, 5.054474E-4, -0.023535013, -0.02699709, 1829142198120494
1, -0.2909113, -0.85060513, 0.02209046, 1829142203125376
0, -0.013791084, -0.025693178, -0.029221535, 1829142203125376
0, -0.032701492, 0.005335808, 0.0018925667, 1829142208130259
1, -0.2908929, -0.85061514, 0.022100272, 1829142208130259
0, -0.022931099, 0.0053071976, 0.016102314, 1829142213135142
1, -0.2908958, -0.8506141, 0.02210124, 1829142213135142
0, -0.0013642311, 0.002940178, -0.0101623535, 1829142218140025
1, -0.2908904, -0.8506174, 0.022106083, 1829142218140025
0, -0.006125927, 0.010031939, 0.0017800331, 1829142223144908
1, -0.29088473, -0.8506196, 0.022104582, 1829142223144908
0, -0.02269411, -0.01859212, -0.0053453445, 1829142228119273
1, -0.29087913, -0.8506246, 0.022117332, 1829142228119273
0, -0.008366585, 0.00522542, -0.017245293, 1829142233124156
1, -0.29086488, -0.8506309, 0.022117523, 1829142233124156
0, -0.0012555122, 0.009922504, -0.021949291, 1829142238129039
1, -0.29085276, -0.8506362, 0.022117233, 1829142238129039
0, 0.008235931, 0.01695609, 0.0043301582, 1829142243133921
1, -0.29085, -0.85063565, 0.022108518, 1829142243133921
0, 0.008160591, 0.007307768, 0.0042877197, 1829142248138804
1, -0.29085216, -0.85063344, 0.022102235, 1829142248138804
0, -0.02043724, 0.01191926, -0.014744282, 1829142253143687
1, -0.29082075, -0.8506492, 0.022112014, 1829142253143687
0, 0.017689705, 7.009506E-5, -0.021837234, 1829142258148570
1, -0.2908303, -0.85064465, 0.02211019, 1829142258148570
0, 0.024613857, -0.009352922, 0.020979881, 1829142263153453
1, -0.29087925, -0.8506184, 0.022086544, 1829142263153453
0, 0.026716232, -0.014136553, -0.024330616, 1829142268127818
1, -0.29087704, -0.8506184, 0.022081824, 1829142268127818
0, 0.016984463, -0.0068957806, -0.031260967, 1829142273132701
1, -0.29086453, -0.8506252, 0.022088109, 1829142273132701
0, 0.012004375, -0.01159358, 0.021114826, 1829142278137584
1, -0.29090893, -0.85060114, 0.022065386, 1829142278137584
0, -0.019002914, -0.023348093, -0.019475937, 1829142283142466
1, -0.29091153, -0.8506026, 0.022078592, 1829142283142466
0, -0.009427547, 0.02432561, -0.007531643, 1829142288147349
1, -0.2908962, -0.85060877, 0.022075659, 1829142288147349
0, -0.006948471, 0.0122869015, -0.038305283, 1829142293152232
1, -0.290855, -0.85063076, 0.022095079, 1829142293152232
0, 1.9931793E-4, -0.018731833, -2.670288E-5, 1829142298157115
1, -0.29086745, -0.850625, 0.022093527, 1829142298157115
0, -0.006934166, -0.0019769669, -0.0024003983, 1829142303161998
1, -0.29086304, -0.8506276, 0.02209704, 1829142303161998
0, -0.0044589043, 0.00515604, -0.00945282, 1829142308136363
1, -0.29084262, -0.8506385, 0.022106605, 1829142308136363
0, -0.025729656, 0.0026583672, -0.0068922043, 1829142313141246
1, -0.2908065, -0.85065824, 0.022126015, 1829142313141246
0, -0.006515026, 0.014535904, -0.025823116, 1829142318146128
1, -0.2907753, -0.85067445, 0.022138419, 1829142318146128
0, 0.019729614, 0.023860455, 0.0101184845, 1829142323151011
1, -0.29075804, -0.8506808, 0.022132516, 1829142323151011
0, 6.47068E-4, 0.016646385, 0.0053219795, 1829142328155894
1, -0.29075208, -0.8506839, 0.022134809, 1829142328155894
0, 0.01257515, -0.02851224, 0.012421608, 1829142333160777
1, -0.29078984, -0.8506668, 0.022132277, 1829142333160777
0, 0.010197639, -0.002028942, 0.014755249, 1829142338165660
1, -0.2908064, -0.85065943, 0.022131814, 1829142338165660
0, 0.02204752, -0.039927483, 0.036052704, 1829142343170543
1, -0.2908666, -0.85063046, 0.022119222, 1829142343170543
0, 0.019464493, -0.015788317, -0.0070533752, 1829142348175425
1, -0.29089105, -0.85061854, 0.022112982, 1829142348175425
1, -0.2908936, -0.85061604, 0.022106273, 1829142353180308
0, 0.02643919, 0.008137703, -0.009383678, 1829142353180308
0, 0.00961256, -0.020389557, -0.028301716, 1829142358154673
1, -0.29089186, -0.8506189, 0.022116637, 1829142358154673
0, 0.026123524, -0.022593498, -0.023343563, 1829142363159556
1, -0.29090297, -0.85061383, 0.02211587, 1829142363159556
0, 0.040044308, -0.036723137, 0.036130905, 1829142368164439
1, -0.29097706, -0.8505741, 0.022079783, 1829142368164439
0, -0.03630209, -0.010378838, -0.004547596, 1829142373169322
1, -0.2909624, -0.8505833, 0.02209365, 1829142373169322
0, -0.017158031, -0.00558877, -0.021295547, 1829142378174205
1, -0.2909627, -0.850583, 0.022092978, 1829142378174205
0, -0.028993607, 0.025390625, 0.004842758, 1829142383179087
1, -0.29096386, -0.8505816, 0.022088267, 1829142383179087
1, -0.29096887, -0.85057855, 0.022084087, 1829142388153453
0, -0.026492596, 0.010961294, 0.0022788048, 1829142388153453
0, 0.006808758, 0.0037271976, -0.026419163, 1829142393158335
1, -0.29097217, -0.85057527, 0.022075055, 1829142393158335
0, 0.011339664, -0.0105268955, -0.002658844, 1829142398163218
1, -0.29100922, -0.8505551, 0.022055585, 1829142398163218
0, -0.026977539, 0.003815651, 0.011340618, 1829142403168101
1, -0.29104263, -0.85053676, 0.02203709, 1829142403168101
1, -0.29106712, -0.85051984, 0.02200635, 1829142408172984
0, -0.015132904, 0.027477741, 0.018073082, 1829142408172984
1, -0.2910568, -0.8505221, 0.021995027, 1829142413177867
0, -0.01996851, 0.024787664, -0.010779381, 1829142413177867
0, 0.013215065, 0.012707233, -0.0014338493, 1829142418182750
1, -0.29108426, -0.85050446, 0.021967325, 1829142418182750
1, -0.2911116, -0.85048586, 0.021934511, 1829142423187632
0, 0.022444248, 0.02207303, 0.012645721, 1829142423187632
0, -0.011071682, 0.010015488, 0.010068893, 1829142428161998
1, -0.29112047, -0.8504801, 0.02192492, 1829142428161998
1, -0.29115254, -0.85046166, 0.02190327, 1829142433166880
0, -0.015863895, 0.012328863, 0.02641344, 1829142433166880
1, -0.29116017, -0.8504559, 0.021891356, 1829142438171763
0, 0.024522305, 0.009909391, -0.023814201, 1829142438171763
0, 0.007586956, 0.0074722767, -0.002398491, 1829142443146128
1, -0.2911772, -0.8504454, 0.021876277, 1829142443146128
1, -0.2912048, -0.85043085, 0.021864384, 1829142448151011
0, -0.009223938, 0.0075383186, 0.0021715164, 1829142448151011
1, -0.29123235, -0.8504174, 0.021857439, 1829142453155894
0, -0.0045289993, -0.006640911, -0.014677525, 1829142453155894
0, -0.00924921, 0.017214775, -0.014591217, 1829142458160777
1, -0.2912143, -0.8504266, 0.021863874, 1829142458160777
1, -0.29122356, -0.85042185, 0.021860609, 1829142463165660
0, -0.011603355, 0.010040998, -3.4236908E-4, 1829142463165660
1, -0.29124284, -0.8504109, 0.021848157, 1829142468170543
0, 3.0136108E-4, 0.012423754, 0.0066609383, 1829142468170543
1, -0.2912547, -0.8504058, 0.021848721, 1829142473175425
0, -0.025856495, 5.00679E-4, 0.011282921, 1829142473175425
1, -0.29130068, -0.8503799, 0.021820508, 1829142478180308
0, -0.004298687, 0.017191172, 0.060988903, 1829142478180308
1, -0.2913133, -0.85037243, 0.02181082, 1829142483185191
0, -0.032809258, 0.012254715, 0.039055824, 1829142483185191
0, -0.022993088, 0.007434845, 0.026898861, 1829142488190074
1, -0.29131818, -0.85037047, 0.021811733, 1829142488190074
1, -0.2913233, -0.85036844, 0.021812862, 1829142493164439
0, 0.015250206, 3.4213066E-4, -0.0017790794, 1829142493164439
1, -0.29131436, -0.8503744, 0.021823078, 1829142498169322
0, 0.005613804, -0.009095192, -0.035059452, 1829142498169322
1, -0.29131323, -0.850376, 0.021828704, 1829142503174205
0, -0.013460159, -0.0042619705, -0.006310463, 1829142503174205
0, -0.0038518906, 0.010054827, 0.012711525, 1829142508179087
1, -0.2913193, -0.8503722, 0.021822987, 1829142508179087
0, -0.020489693, -0.027896166, 0.014854431, 1829142513183970
1, -0.29136634, -0.850351, 0.021820225, 1829142513183970
1, -0.29139513, -0.8503363, 0.02181028, 1829142518188853
0, -0.0060868263, -0.0062556267, 0.028964043, 1829142518188853
0, 0.0034446716, -0.0038535595, -0.016405582, 1829142523193736
1, -0.2913884, -0.85034, 0.021813905, 1829142523193736
1, -0.29140165, -0.8503343, 0.021814507, 1829142528198619
0, -0.020362377, -0.008541822, 0.009797096, 1829142528198619
1, -0.29140633, -0.85033333, 0.021819886, 1829142533203501
0, -0.017902374, -0.015608311, -0.014137745, 1829142533203501
1, -0.29141253, -0.8503272, 0.021803068, 1829142538177867
0, 0.024864197, 0.008209944, -0.01175499, 1829142538177867
0, 0.008020878, -0.0061080456, -0.011677742, 1829142543182750
1, -0.2914128, -0.85032713, 0.021803208, 1829142543182750
0, -0.0039458275, -0.00126791, 0.016861439, 1829142548187632
1, -0.2914352, -0.85031563, 0.02179508, 1829142548187632
0, -0.006278515, 0.008266687, 0.014347076, 1829142553192515
1, -0.29143947, -0.85031307, 0.021791596, 1829142553192515
0, -0.0038552284, -0.010840178, -0.021360397, 1829142558197398
1, -0.29142356, -0.85032237, 0.021802893, 1829142558197398
0, 0.0033006668, 0.019995451, 0.016852379, 1829142563202281
1, -0.2914096, -0.85032666, 0.021793876, 1829142563202281
1, -0.29141283, -0.8503263, 0.02179927, 1829142568207164
0, 9.856224E-4, -0.008636951, 0.009691715, 1829142568207164
1, -0.2914237, -0.85032237, 0.021803284, 1829142573181529
0, -0.0013885498, -0.018046618, -0.0022654533, 1829142573181529
1, -0.29144147, -0.85031205, 0.021790938, 1829142578186412
0, 0.017591476, 0.0011153221, 0.0072202682, 1829142578186412
1, -0.29141596, -0.85032743, 0.021811716, 1829142583191294
0, 0.0032310486, -0.013105631, -0.045057297, 1829142583191294
1, -0.29141596, -0.85032934, 0.021821184, 1829142588196177
0, 0.008012295, -0.010529995, -0.016164303, 1829142588196177
0, 0.008032322, -0.007931948, 0.0029997826, 1829142593201060
1, -0.29142988, -0.85032403, 0.021825142, 1829142593201060
1, -0.291439, -0.850322, 0.02183519, 1829142598205943
0, 0.015132427, -0.031567812, -0.018344402, 1829142598205943
0, 0.0079193115, -0.026509762, 0.007927418, 1829142603210826
1, -0.29146942, -0.8503083, 0.021833397, 1829142603210826
1, -0.29144993, -0.8503197, 0.021847392, 1829142608215709
0, -0.01584673, -0.004949808, -0.0063233376, 1829142608215709
1, -0.29143968, -0.85032684, 0.02186057, 1829142613220591
0, 0.010459423, -0.01916647, -0.022815704, 1829142613220591
1, -0.29143652, -0.85032785, 0.021858783, 1829142618225474
0, -0.013389111, 0.0070626736, 0.0153717995, 1829142618225474
1, -0.29144546, -0.8503241, 0.021859784, 1829142623230357
0, -0.018005371, -0.00485754, 0.017628193, 1829142623230357
0, -0.001247406, -0.0024924278, -0.0038757324, 1829142628235240
1, -0.29144022, -0.85032684, 0.021861799, 1829142628235240
0, -0.013122082, -0.007180929, 0.0032629967, 1829142633209605
1, -0.2914469, -0.8503246, 0.021865202, 1829142633209605
0, -0.027258396, -0.014157295, 0.019799232, 1829142638214488
1, -0.2914737, -0.8503132, 0.021867162, 1829142638214488
1, -0.2914696, -0.85031575, 0.021871042, 1829142643219371
0, -0.01048708, 2.2673607E-4, -0.01844263, 1829142643219371
1, -0.291451, -0.85032517, 0.02187702, 1829142648193736
0, -0.010484219, 0.007341385, -0.027887821, 1829142648193736
0, -0.010403633, -0.011682749, -0.020549297, 1829142653198619
1, -0.29144332, -0.850331, 0.021889554, 1829142653198619
1, -0.29143363, -0.85033613, 0.021893866, 1829142658203501
0, -0.007979393, 0.0026495457, -0.013309956, 1829142658203501
0, -0.02930069, 0.012119532, 0.0010342598, 1829142663208384
1, -0.29141706, -0.85034496, 0.02190136, 1829142663208384
1, -0.29141948, -0.8503439, 0.02190123, 1829142668213267
0, -0.0053834915, -0.0093951225, -0.008535862, 1829142668213267
1, -0.2914177, -0.8503439, 0.021897385, 1829142673218150
0, 0.0065026283, -0.0070519447, -0.0013289452, 1829142673218150
0, -7.3194504E-4, 0.023786783, 0.0034046173, 1829142678223033
1, -0.2914033, -0.8503486, 0.021889243, 1829142678223033
0, 0.008676529, 0.0306046, 0.029427052, 1829142683227916
1, -0.29141086, -0.8503397, 0.02186171, 1829142683227916
0, 0.015631199, 0.025524616, 0.014861584, 1829142688232798
1, -0.29141545, -0.85033315, 0.021839116, 1829142688232798
1, -0.29140532, -0.85033643, 0.021833021, 1829142693237681
0, 0.008256912, 0.006242752, -0.025737286, 1829142693237681
0, 0.012839317, -0.024783134, 0.014781475, 1829142698242564
1, -0.29143867, -0.8503185, 0.021816786, 1829142698242564
1, -0.29145327, -0.85030884, 0.021800775, 1829142703247447
0, 0.015069485, 0.0062561035, 0.014629364, 1829142703247447
1, -0.29150802, -0.8502787, 0.02177042, 1829142708221812
0, 0.03622389, -0.012759209, 0.016749859, 1829142708221812
1, -0.29154122, -0.85026115, 0.02175608, 1829142713226695
0, 0.019255638, -0.022203207, 0.014214039, 1829142713226695
1, -0.29155806, -0.850251, 0.021742461, 1829142718231578
0, 0.019104958, -0.005461931, 0.021269321, 1829142718231578
1, -0.29155174, -0.85025156, 0.021731304, 1829142723236460
0, 0.014221191, 0.018246174, 0.018785954, 1829142723236460
1, -0.2915547, -0.850249, 0.021725055, 1829142728241343
0, 0.0022177696, 0.010988474, 0.004354477, 1829142728241343
1, -0.29155222, -0.8502489, 0.021719014, 1829142733246226
0, 0.0022091866, 0.0108549595, 0.0138373375, 1829142733246226
1, -0.29157126, -0.85023654, 0.021699313, 1829142738251109
0, 0.011656761, 0.010722637, 0.03034544, 1829142738251109
1, -0.2915734, -0.8502354, 0.021698307, 1829142743255992
0, 0.009225845, -0.008404732, 0.004029751, 1829142743255992
0, 0.016239166, -0.008313656, -7.9107285E-4, 1829142748230357
1, -0.29159075, -0.8502262, 0.02169064, 1829142748230357
0, -0.012379169, 0.0060157776, -0.026899815, 1829142753235240
1, -0.2915621, -0.8502421, 0.021706639, 1829142753235240
0, -0.0074677467, -0.017748594, -0.01475811, 1829142758240123
1, -0.29155418, -0.8502488, 0.021722874, 1829142758240123
0, -0.0050201416, 0.0038180351, -3.9434433E-4, 1829142763245005
1, -0.29155442, -0.8502491, 0.021725014, 1829142763245005
0, -0.01684618, 0.0013945103, 0.013849735, 1829142768249888
1, -0.29155645, -0.8502483, 0.021725371, 1829142768249888
1, -0.29155755, -0.85024863, 0.021729391, 1829142773254771
0, -6.6280365E-5, -0.0057017803, -0.0028634071, 1829142773254771
1, -0.2915565, -0.8502494, 0.021731032, 1829142778259654
0, -0.014388084, -0.0057020187, -0.005273819, 1829142778259654
1, -0.29158598, -0.8502376, 0.021736681, 1829142783264537
0, -0.01910448, -0.046041727, -0.010092735, 1829142783264537
0, -0.009446144, 0.015993595, 0.011411667, 1829142788269419
1, -0.29156798, -0.8502454, 0.021736283, 1829142788269419
1, -0.291527, -0.85026664, 0.021752222, 1829142793243785
0, -0.018797398, 0.013406038, -0.0075678825, 1829142793243785
1, -0.291541, -0.850259, 0.02174495, 1829142798248668
0, 0.01926899, -0.008044243, -0.01708889, 1829142798248668
1, -0.2915425, -0.85025835, 0.021744736, 1829142803253550
0, -0.011845112, -0.005643368, -0.007540226, 1829142803253550
1, -0.2915663, -0.85024565, 0.02173394, 1829142808258433
0, -0.0069999695, -0.0032515526, 0.032895565, 1829142808258433
1, -0.2915921, -0.85022885, 0.021706618, 1829142813232798
0, 0.028595448, 0.008600473, 0.018294334, 1829142813232798
0, 0.023633003, 0.0061690807, 0.008678913, 1829142818237681
1, -0.2916015, -0.8502226, 0.021696068, 1829142818237681
1, -0.29157087, -0.85023916, 0.021711327, 1829142823242564
0, -0.014564037, 0.013292074, -0.029417515, 1829142823242564
0, -0.0025525093, -0.020084858, -0.02439642, 1829142828247447
1, -0.29155985, -0.8502469, 0.021725727, 1829142828247447
0, -0.0073661804, -0.010436773, -0.002916336, 1829142833252330
1, -0.29157212, -0.8502408, 0.021722313, 1829142833252330
1, -0.29158887, -0.85023206, 0.021715617, 1829142838257212
0, -0.0025753975, 0.0015664101, 0.011295795, 1829142838257212
1, -0.2916251, -0.85021496, 0.021709653, 1829142843262095
0, -0.021595478, -0.029368877, 0.030170918, 1829142843262095
1, -0.2916497, -0.85020226, 0.021700459, 1829142848266978
0, -0.014355183, -0.0077650547, 0.02511692, 1829142848266978
1, -0.29166728, -0.8501911, 0.021683462, 1829142853271861
0, 0.028508186, -0.005416155, 0.017819881, 1829142853271861
1, -0.29163563, -0.8502057, 0.021686917, 1829142858276744
0, -0.009743214, 0.020648718, -0.0060453415, 1829142858276744
1, -0.29163525, -0.85020584, 0.021686606, 1829142863251109
0, -0.021530151, 0.0037994385, 0.02013874, 1829142863251109
1, -0.2916005, -0.8502231, 0.021696448, 1829142868255992
0, -0.016621113, 0.015572548, -0.015639782, 1829142868255992
1, -0.291589, -0.85023105, 0.021710819, 1829142873260875
0, -0.023661137, -0.017855167, -0.020281792, 1829142873260875
1, -0.29155606, -0.85024613, 0.021713609, 1829142878265757
0, -0.011510849, 0.03926325, 0.017982006, 1829142878265757
0, -0.020922184, 0.022252798, -0.0059075356, 1829142883270640
1, -0.29152495, -0.85026115, 0.02172042, 1829142883270640
1, -0.2914997, -0.85027397, 0.021728795, 1829142888275523
0, -0.01611185, 0.005399227, -0.03446293, 1829142888275523
0, 0.01955843, 0.0053064823, -0.015244007, 1829142893280406
1, -0.29149663, -0.8502736, 0.02172041, 1829142893280406
0, -0.0020542145, 4.2557716E-4, -0.036541462, 1829142898285289
1, -0.29146966, -0.8502871, 0.021728383, 1829142898285289
0, -0.016313076, -0.021022797, -6.2322617E-4, 1829142903290171
1, -0.2914729, -0.8502868, 0.021734018, 1829142903290171
0, -0.0068039894, 0.00987339, 0.03255987, 1829142908264537
1, -0.29148856, -0.8502755, 0.02171208, 1829142908264537
0, -0.009189606, 0.031097412, 0.008495808, 1829142913269419
1, -0.29147378, -0.85028017, 0.02170283, 1829142913269419
0, -0.004413128, -0.007132292, -0.022509575, 1829142918274302
1, -0.2914687, -0.8502836, 0.021708934, 1829142918274302
0, -0.032906055, 0.011933088, -0.019997597, 1829142923279185
1, -0.29144022, -0.8502993, 0.021724578, 1829142923279185
0, 6.222725E-4, 0.0071036816, -0.005589962, 1829142928284068
1, -0.2914324, -0.8503031, 0.021726727, 1829142928284068
0, 0.010144711, -2.360344E-5, -0.0055413246, 1829142933288951
1, -0.29143542, -0.85030186, 0.021727068, 1829142933288951
0, 0.014838219, 0.011813164, 0.018315792, 1829142938293834
1, -0.2914357, -0.85029984, 0.021717552, 1829142938293834
0, 0.024289131, 0.0046527386, 0.0039787292, 1829142943298716
1, -0.2914419, -0.8502962, 0.02171288, 1829142943298716
1, -0.29146075, -0.8502864, 0.021705648, 1829142948303599
0, 0.033661366, -0.011966944, 0.0063905716, 1829142948303599
0, 0.023932934, -0.009452105, -0.014997482, 1829142953277964
1, -0.29146105, -0.85028696, 0.021708772, 1829142953277964
0, 0.0071759224, 0.007237196, -0.024290562, 1829142958282847
1, -0.29143065, -0.8503028, 0.021721253, 1829142958282847
0, 0.014347553, 1.4066696E-5, 0.011675835, 1829142963287730
1, -0.29142198, -0.85030717, 0.021723881, 1829142963287730
1, -0.29142776, -0.85030544, 0.02172804, 1829142968292613
0, 0.021441936, -0.011777878, -0.0073423386, 1829142968292613
0, 0.028430462, 0.012063742, 0.011755943, 1829142973297496
1, -0.29143363, -0.8503003, 0.02171534, 1829142973297496
0, 0.023545265, 0.023859978, -9.870529E-5, 1829142978302378
1, -0.29141465, -0.8503085, 0.021714387, 1829142978302378
0, 0.018684864, 0.014245033, -0.0047798157, 1829142983307261
1, -0.29140386, -0.85031354, 0.021716017, 1829142983307261
0, 0.013894558, 0.007209301, -0.035568714, 1829142988312144
1, -0.29138455, -0.85032576, 0.02173438, 1829142988312144
1, -0.2913882, -0.85032564, 0.021741943, 1829142993286509
0, -0.005110264, 0.002537489, 0.007528782, 1829142993286509
0, 0.011695385, -0.011639357, 0.012339115, 1829142998291392
1, -0.29139718, -0.8503229, 0.021748066, 1829142998291392
1, -0.29140845, -0.8503168, 0.021742392, 1829143003296275
0, 0.040285587, 0.014758825, 0.017131805, 1829143003296275
0, 0.035362244, 0.017189741, 0.024207592, 1829143008301158
1, -0.29142836, -0.85030574, 0.021730624, 1829143008301158
0, 0.009067535, 0.012378454, -0.025753498, 1829143013306041
1, -0.2913956, -0.85032356, 0.021747733, 1829143013306041
0, 0.023489475, -0.039806843, -0.018177032, 1829143018310923
1, -0.29139563, -0.85032904, 0.021775281, 1829143018310923
0, 0.018752575, -0.0036485195, 0.010611534, 1829143023315806
1, -0.29140833, -0.8503251, 0.02178341, 1829143023315806
0, -0.012044907, -0.010621548, 0.01785326, 1829143028290171
1, -0.29140252, -0.85033184, 0.021804214, 1829143028290171
0, 0.009665012, -0.029397964, 0.013157845, 1829143033295054
1, -0.29141784, -0.8503283, 0.0218202, 1829143033295054
0, 0.019332409, -5.197525E-4, 0.018042088, 1829143038299937
1, -0.29141632, -0.8503311, 0.021830989, 1829143038299937
1, -0.29142103, -0.8503294, 0.021832407, 1829143043304820
0, 0.002770424, 0.009058714, 0.04422903, 1829143043304820
1, -0.2913821, -0.8503537, 0.02186834, 1829143048279185
0, -0.0112166405, -0.0027866364, -0.0057053566, 1829143048279185
1, -0.29133514, -0.85038304, 0.021911662, 1829143053284068
0, -0.0060482025, -0.0025913715, -0.021969795, 1829143053284068
1, -0.29130137, -0.8504062, 0.02195342, 1829143058288951
0, -0.01280117, -0.011885166, -0.0096206665, 1829143058288951
0, 0.0017747879, -0.004663229, 0.0049710274, 1829143063293834
1, -0.29127467, -0.8504221, 0.021973718, 1829143063293834
0, -0.019375801, -0.011717796, -0.030432701, 1829143068298716
1, -0.29121938, -0.8504553, 0.022018407, 1829143068298716
1, -0.29115143, -0.85049164, 0.022050599, 1829143073303599
0, -0.02847147, 0.0359025, 9.6178055E-4, 1829143073303599
1, -0.2911326, -0.8505065, 0.022083385, 1829143078308482
0, -0.020863056, -0.009325981, -0.0012173653, 1829143078308482
1, -0.2910856, -0.8505341, 0.022118175, 1829143083313365
0, -0.010989666, 0.009888649, -0.027142525, 1829143083313365
1, -0.29102966, -0.85056674, 0.022158701, 1829143088287730
0, -0.020112038, 0.0027303696, -0.0123615265, 1829143088287730
0, -0.017308235, -0.0019664764, -0.009625435, 1829143093292613
1, -0.29098544, -0.85059357, 0.022195784, 1829143093292613
1, -0.29095784, -0.8506121, 0.022227598, 1829143098297496
0, -0.021671295, -0.00419569, 0.002567768, 1829143098297496
1, -0.29094344, -0.85062295, 0.022250347, 1829143103302378
0, -0.0093688965, 7.274151E-4, 0.014659405, 1829143103302378
1, -0.2908886, -0.85065466, 0.02228848, 1829143108307261
0, -0.016143799, 0.012720108, -0.018457413, 1829143108307261
1, -0.29089195, -0.8506555, 0.022300238, 1829143113312144
0, 0.003209591, -0.011050463, 0.027038097, 1829143113312144
1, -0.29091755, -0.8506461, 0.022309326, 1829143118317027
0, -0.0037789345, -0.027478933, 0.026957035, 1829143118317027
1, -0.29092064, -0.85064673, 0.022319488, 1829143123321910
0, -0.008350372, -0.005785942, 0.019742012, 1829143123321910
0, -0.015242577, 0.022826195, -0.0016441345, 1829143128326793
1, -0.2908833, -0.850667, 0.022338677, 1829143128326793
0, -0.036361217, 0.0060334206, 0.008001804, 1829143133331675
1, -0.29085582, -0.8506835, 0.02236103, 1829143133331675
0, -0.026390076, -0.012905121, 0.0152282715, 1829143138306041
1, -0.2908504, -0.8506904, 0.02238388, 1829143138306041
1, -0.2908204, -0.8507082, 0.02240667, 1829143143310923
0, -0.018909931, 0.003862381, -0.006143093, 1829143143310923
1, -0.29079998, -0.85072094, 0.022425698, 1829143148315806
0, -0.0019874573, -0.005617857, -0.005932331, 1829143148315806
0, 0.012466431, 0.0015997887, -0.031810284, 1829143153320689
1, -0.29075742, -0.8507449, 0.022452248, 1829143153320689
1, -0.29072097, -0.8507642, 0.022468848, 1829143158295054
0, 0.0053548813, 0.008709192, -0.017148018, 1829143158295054
0, 6.4611435E-4, -0.0055310726, -0.016935825, 1829143163299937
1, -0.2907069, -0.85077345, 0.022484353, 1829143163299937
1, -0.2907023, -0.8507781, 0.022497727, 1829143168304820
0, 0.022044659, -0.022037506, -0.040527344, 1829143168304820
0, 5.6552887E-4, 0.00434041, 2.1314621E-4, 1829143173309703
1, -0.29069832, -0.850781, 0.022503454, 1829143173309703
1, -0.2907102, -0.8507769, 0.022509102, 1829143178314585
0, -0.018375874, -0.0026926994, 0.014474392, 1829143178314585
0, 0.026891232, -0.021535397, -0.02845192, 1829143183319468
1, -0.29072943, -0.850769, 0.022511581, 1829143183319468
1, -0.2907417, -0.85076433, 0.022515388, 1829143188324351
0, 0.036144733, -0.014025211, -0.05208254, 1829143188324351
0, -0.004552841, -0.016143799, -0.013749599, 1829143193329234
1, -0.29076156, -0.8507566, 0.022520095, 1829143193329234
1, -0.29078576, -0.8507475, 0.02252792, 1829143198334117
0, -0.03551674, -0.039761305, -0.013806343, 1829143198334117
1, -0.29078138, -0.8507513, 0.02253716, 1829143203339000
0, -0.025850296, -0.015730381, -0.023313046, 1829143203339000
0, -0.009138107, 0.012826204, -0.04223442, 1829143208313365
1, -0.29074878, -0.8507669, 0.022543667, 1829143208313365
1, -0.29076317, -0.8507592, 0.02253688, 1829143213318248
0, -0.025920391, 8.6808205E-4, -0.018424988, 1829143213318248
1, -0.29075697, -0.8507616, 0.022535225, 1829143218323130
0, -0.044891834, 0.015079021, -0.0066246986, 1829143218323130
1, -0.29077065, -0.8507529, 0.02252149, 1829143223328013
0, -0.009109974, 0.0030331612, -0.011537552, 1829143223328013
1, -0.29078072, -0.8507459, 0.022508726, 1829143228332896
0, -0.016293049, 0.014870405, 0.009775639, 1829143228332896
1, -0.29077864, -0.850745, 0.022499822, 1829143233337779
0, -0.020994186, 0.02900672, 0.011958122, 1829143233337779
1, -0.29083785, -0.85071343, 0.022471609, 1829143238312144
0, 0.012416363, 3.7407875E-4, 0.05215645, 1829143238312144
1, -0.2908551, -0.8507048, 0.022466118, 1829143243317027
0, -0.0019798279, -0.0019307137, 0.0041651726, 1829143243317027
0, 4.210472E-4, 0.007637739, -0.010128975, 1829143248321910
1, -0.29084894, -0.8507081, 0.022469537, 1829143248321910
0, 0.0074892044, 0.0052001476, 0.032620907, 1829143253326793
1, -0.2908827, -0.8506888, 0.022447001, 1829143253326793
1, -0.29086456, -0.85069793, 0.022452671, 1829143258331675
0, 0.01693821, 0.009972811, -0.031784534, 1829143258331675
0, 1.4352798E-4, 0.012330055, -0.0030856133, 1829143263336558
1, -0.29086578, -0.85069674, 0.022449426, 1829143263336558
0, -0.009400368, 0.02656293, -0.015034676, 1829143268341441
1, -0.2908534, -0.8507022, 0.022449676, 1829143268341441
0, 0.023883343, -0.011542082, -0.007871151, 1829143273346324
1, -0.29088008, -0.8506889, 0.022441294, 1829143273346324
0, -0.012005806, -0.013736725, -0.010307312, 1829143278351207
1, -0.29090062, -0.8506799, 0.02244159, 1829143278351207
0, -0.028653622, 0.029301405, 0.0037856102, 1829143283356089
1, -0.29091546, -0.85067177, 0.022433577, 1829143283356089
0, -0.011872292, 0.014946699, 0.015468121, 1829143288360972
1, -0.2909426, -0.8506571, 0.022419743, 1829143288360972
0, 0.0024571419, 0.012580156, 0.029504776, 1829143293335337
1, -0.29097617, -0.85063905, 0.02240305, 1829143293335337
0, -0.004760742, 0.048154116, 0.02202034, 1829143298340220
1, -0.29097757, -0.85063446, 0.022383118, 1829143298340220
0, 0.0023508072, 0.033563614, 0.007501602, 1829143303345103
1, -0.29097855, -0.8506313, 0.022369366, 1829143303345103
0, -0.021401882, -0.028373241, -0.049567223, 1829143308349986
1, -0.29095742, -0.8506468, 0.0224008, 1829143308349986
0, -0.014041424, 0.0028510094, 0.005457878, 1829143313354869
1, -0.29096237, -0.8506461, 0.022407923, 1829143313354869
0, 0.012216568, 0.0053372383, 0.005376339, 1829143318359751
1, -0.29098085, -0.85063666, 0.022401366, 1829143318359751
1, -0.29099777, -0.8506283, 0.022396812, 1829143323364634
0, 0.014480591, 0.0054707527, -0.011379242, 1829143323364634
0, -0.021300316, 0.0031838417, 0.005218506, 1829143328369517
1, -0.29101455, -0.8506209, 0.022396784, 1829143328369517
0, 0.00744009, -0.010910511, 0.017040253, 1829143333343882
1, -0.29104838, -0.85060537, 0.02239333, 1829143333343882
0, 0.02410984, -0.015361309, -0.040032864, 1829143338348765
1, -0.29104462, -0.85061073, 0.022411754, 1829143338348765
0, 0.0073661804, -0.015199661, -0.018263817, 1829143343353648
1, -0.2910363, -0.850617, 0.022425015, 1829143343353648
0, 0.021630764, 0.0039567947, 0.01995325, 1829143348358531
1, -0.29104882, -0.85060984, 0.022416772, 1829143348358531
0, 0.028711796, -0.007874727, 0.008052349, 1829143353332896
1, -0.29105845, -0.8506056, 0.022416502, 1829143353332896
0, 0.0071315765, 0.004049778, 0.03175831, 1829143358337779
1, -0.2910788, -0.8505939, 0.022402978, 1829143358337779
0, 0.0047984123, 0.006531954, 0.010182381, 1829143363342662
1, -0.29108572, -0.85059136, 0.022405325, 1829143363342662
0, 1.0919571E-4, -0.01709199, 0.005385399, 1829143368347544
1, -0.29110694, -0.8505837, 0.02241336, 1829143368347544
0, 0.004994869, -0.009757757, 0.012597084, 1829143373352427
1, -0.29111198, -0.8505829, 0.022420648, 1829143373352427
0, 3.6764145E-4, -0.0024404526, 0.029251099, 1829143378357310
1, -0.29112414, -0.85057837, 0.022424748, 1829143378357310
1, -0.2911075, -0.85058683, 0.022430481, 1829143383362193
0, -0.006611824, 0.021360874, 0.024415493, 1829143383362193
0, -0.015892506, 0.009268522, 0.036287785, 1829143388367076
1, -0.29109493, -0.8505937, 0.022437101, 1829143388367076
0, -0.017890453, 0.0116381645, -0.0017528534, 1829143393371959
1, -0.29104903, -0.8506201, 0.022468405, 1829143393371959
0, -0.008009911, 0.023528576, -0.030011654, 1829143398376841
1, -0.29098427, -0.8506556, 0.022504149, 1829143398376841
1, -0.29095715, -0.85067344, 0.022533683, 1829143403351207
0, -0.017203331, 0.0020971298, 0.0013256073, 1829143403351207
0, 0.014037609, 0.0140349865, 0.0015492439, 1829143408356089
1, -0.29092798, -0.85068935, 0.022549275, 1829143408356089
0, -0.009545326, -0.014397144, -5.965233E-4, 1829143413360972
1, -0.29091224, -0.85070264, 0.022581335, 1829143413360972
0, -0.0187397, 0.007292509, 0.0019583702, 1829143418365855
1, -0.29089096, -0.8507174, 0.022608588, 1829143418365855
1, -0.29084605, -0.85074145, 0.022630427, 1829143423370738
0, 0.010107994, 0.009608984, -0.014438152, 1829143423370738
0, -0.0064253807, -0.011664867, -0.014203548, 1829143428375621
1, -0.29083577, -0.85075086, 0.022655116, 1829143428375621
0, 0.010423183, 0.009881258, -0.028164864, 1829143433380503
1, -0.29079312, -0.85077447, 0.022679592, 1829143433380503
1, -0.29077047, -0.8507909, 0.022712298, 1829143438385386
0, -0.013239861, -0.016178131, -0.025425434, 1829143438385386
1, -0.29074395, -0.85080737, 0.022736588, 1829143443390269
0, -0.020154476, 0.0030555725, -0.018016815, 1829143443390269
1, -0.29069594, -0.8508338, 0.02276353, 1829143448395152
0, -0.015132904, 0.012578011, -0.029645443, 1829143448395152
1, -0.29067293, -0.8508465, 0.022776937, 1829143453369517
0, -0.007841587, 0.014956951, -0.022277355, 1829143453369517
1, -0.2906467, -0.8508617, 0.022795603, 1829143458374400
0, -0.024335384, 0.007750511, -0.0077757835, 1829143458374400
1, -0.2906319, -0.85086894, 0.02279922, 1829143463379283
0, 0.0020551682, 0.017233849, 0.0018386841, 1829143463379283
1, -0.2905959, -0.85088825, 0.022816947, 1829143468384166
0, -0.024055481, 0.021912813, -0.021924496, 1829143468384166
1, -0.2905752, -0.8509006, 0.022833427, 1829143473389048
0, -0.026177406, 0.021908045, -0.01225996, 1829143473389048
1, -0.29059806, -0.8508882, 0.022821467, 1829143478393931
0, 0.012136459, 0.021909237, 0.032981396, 1829143478393931
1, -0.29060704, -0.8508855, 0.022827523, 1829143483398814
0, 0.0026183128, 5.3858757E-4, -5.207062E-4, 1829143483398814
0, 3.2281876E-4, 0.0077548027, -0.005198002, 1829143488403697
1, -0.29059538, -0.8508927, 0.022838177, 1829143488403697
1, -0.2906223, -0.85087955, 0.022831244, 1829143493408580
0, -0.016255856, 0.0054233074, 0.037586212, 1829143493408580
1, -0.29063168, -0.8508759, 0.022833638, 1829143498413462
0, -0.020864964, 0.005486965, 0.011112213, 1829143498413462
0, 0.0077934265, 0.019797087, -9.1695786E-4, 1829143503387828
1, -0.29063478, -0.85087323, 0.022827024, 1829143503387828
1, -0.2906738, -0.8508541, 0.02281689, 1829143508392710
0, 0.01723957, -0.025441647, 0.015714169, 1829143508392710
0, -0.011358261, -0.006194353, -0.010509968, 1829143513397593
1, -0.29066482, -0.8508606, 0.022829723, 1829143513397593
0, -0.0064735413, 0.01058054, 0.02992773, 1829143518402476
1, -0.2906861, -0.8508496, 0.022821657, 1829143518402476
0, 7.4768066E-4, 0.0034677982, 0.013080597, 1829143523407359
1, -0.29069835, -0.85084397, 0.022820273, 1829143523407359
1, -0.29069754, -0.85084224, 0.022809686, 1829143528412242
0, 0.031650066, 0.017726421, 0.0011248589, 1829143528412242
1, -0.2907301, -0.8508233, 0.02278612, 1829143533417125
0, 0.026658535, 0.005707979, 0.036759377, 1829143533417125
0, 0.019366264, 0.003180027, 0.02229786, 1829143538391490
1, -0.29073334, -0.8508196, 0.022774745, 1829143538391490
0, 0.009805679, -0.00873971, 0.010385513, 1829143543396373
1, -0.29073104, -0.8508214, 0.02277872, 1829143543396373
0, 0.0050907135, -0.003907919, -0.0014429092, 1829143548401255
1, -0.29071683, -0.8508299, 0.022790005, 1829143548401255
1, -0.29068935, -0.8508437, 0.02279899, 1829143553406138
0, 0.009917736, 0.022313118, -0.008436203, 1829143553406138
1, -0.29070708, -0.85083336, 0.022785977, 1829143558411021
0, 3.7240982E-4, 0.010250568, 0.039164066, 1829143558411021
1, -0.29070544, -0.85083324, 0.022781873, 1829143563415904
0, 0.01707077, 0.0077910423, 0.010429382, 1829143563415904
1, -0.29068822, -0.8508413, 0.022784323, 1829143568420787
1, -0.29067796, -0.8508489, 0.02279989, 1829143573425669
0, 0.017046928, 0.022051334, 9.460449E-4, 1829143568420787
0, 4.4059753E-4, -0.0017652512, 0.0010824203, 1829143573425669
0, 0.019592762, -0.023029089, 0.0154566765, 1829143578430552
1, -0.29070228, -0.8508388, 0.022802742, 1829143578430552
0, 0.033739567, 0.010313749, -0.013035774, 1829143583404918
1, -0.2906753, -0.8508506, 0.022802673, 1829143583404918
0, 0.0027079582, 0.003203392, -0.031825542, 1829143588409800
1, -0.29064348, -0.8508691, 0.022825561, 1829143588409800
0, -0.0042910576, -0.0038704872, -0.031431198, 1829143593414683
1, -0.29060665, -0.8508909, 0.022853844, 1829143593414683
1, -0.29061714, -0.850887, 0.02285757, 1829143598419566
0, -0.0041685104, -0.0061426163, 0.016383171, 1829143598419566
0, -0.018269539, 0.0010111332, 0.014022827, 1829143603424449
1, -0.29059848, -0.85089797, 0.022871453, 1829143603424449
