1, -0.62662965, -0.3680161, 0.30962488, 1830616805829935
0, 7.8136997, -8.139392, -6.166671, 1830616805829935
1, -0.6249931, -0.36353588, 0.3115955, 1830616810834818
0, 8.09746, -6.274168, -6.3174763, 1830616810834818
0, 8.226418, -4.7579594, -5.830682, 1830616815839701
1, -0.6239457, -0.359044, 0.31260175, 1830616815839701
1, -0.622562, -0.35605216, 0.31420815, 1830616820844584
0, 7.8198576, -3.6352358, -5.2178183, 1830616820844584
1, -0.6213428, -0.35362494, 0.31557432, 1830616825849467
0, 6.686755, -2.5655107, -4.7937403, 1830616825849467
1, -0.6204443, -0.35153702, 0.3166238, 1830616830854350
0, 5.28692, -1.8902607, -5.3264165, 1830616830854350
0, 3.922793, -1.3527565, -5.2075405, 1830616835859232
1, -0.62030554, -0.3489744, 0.31675568, 1830616835859232
0, 2.9738202, -0.8617077, -4.5490265, 1830616840833598
1, -0.62008035, -0.3473086, 0.31749362, 1830616840833598
1, -0.6200867, -0.345754, 0.31821522, 1830616845838480
0, 2.1991708, -0.4384203, -3.7658699, 1830616845838480
1, -0.6202477, -0.34425613, 0.31897774, 1830616850843363
0, 1.8361893, 0.13729954, -2.9564683, 1830616850843363
1, -0.6208611, -0.34213248, 0.3191781, 1830616855848246
0, 1.7296133, 0.7983303, -2.5537572, 1830616855848246
1, -0.6211782, -0.3406703, 0.32014918, 1830616860853129
0, 1.8554727, 1.5254374, -2.4005935, 1830616860853129
1, -0.6215326, -0.33923844, 0.32121593, 1830616865858012
0, 2.5074558, 2.5456991, -2.2771337, 1830616865858012
1, -0.6218679, -0.3378734, 0.3223213, 1830616870862894
0, 3.3316417, 3.7176142, -2.0334537, 1830616870862894
1, -0.6224793, -0.33595198, 0.32279354, 1830616875867777
0, 3.7330341, 4.7563686, -1.675378, 1830616875867777
1, -0.6226924, -0.33463538, 0.32378784, 1830616880872660
0, 4.170439, 5.83191, -1.2997872, 1830616880872660
1, -0.6227633, -0.33346578, 0.32469952, 1830616885847025
0, 4.646496, 7.1020136, -0.9711609, 1830616885847025
0, 4.3770547, 7.712775, -0.65300816, 1830616890851908
1, -0.62267786, -0.33251527, 0.32550514, 1830616890851908
0, 2.7377794, 7.7631016, -0.47217026, 1830616895856791
1, -0.6226639, -0.33136147, 0.32596165, 1830616895856791
0, 2.4194365, 9.666438, -0.03741367, 1830616900861674
1, -0.62213063, -0.33100387, 0.32710695, 1830616900861674
1, -0.62132126, -0.3309953, 0.32826683, 1830616905836039
0, 1.9868351, 10.594036, -0.31828982, 1830616905836039
0, 1.2791451, 10.571062, -0.7631392, 1830616910840922
1, -0.62026, -0.33136365, 0.32956308, 1830616910840922
0, 0.88154584, 10.519333, -1.2282155, 1830616915845805
1, -0.61925757, -0.33171383, 0.33057606, 1830616915845805
0, 0.6551439, 10.577637, -1.8737705, 1830616920850687
1, -0.6179928, -0.3328416, 0.33202374, 1830616920850687
1, -0.61679006, -0.33431748, 0.33346286, 1830616925855570
0, 0.36405936, 10.741113, -2.6351786, 1830616925855570
1, -0.61575603, -0.33604714, 0.33482242, 1830616930860453
0, 0.49071527, 10.945127, -3.3818183, 1830616930860453
1, -0.6152043, -0.33753252, 0.3355427, 1830616935865336
0, 1.142637, 10.883566, -3.9283755, 1830616935865336
0, 1.8213608, 10.633268, -4.129002, 1830616940870219
1, -0.6147064, -0.33954185, 0.3363811, 1830616940870219
1, -0.6145109, -0.34156108, 0.33687174, 1830616945875101
0, 2.1754901, 10.371389, -4.2526865, 1830616945875101
0, 2.4511528, 10.19112, -4.4001856, 1830616950849467
1, -0.6145918, -0.343625, 0.3370234, 1830616950849467
0, 2.7613454, 10.26206, -4.272424, 1830616955854350
1, -0.6150183, -0.3455933, 0.3365767, 1830616955854350
0, 3.2459931, 10.435512, -3.6822097, 1830616960859232
1, -0.6153933, -0.34802973, 0.33608326, 1830616960859232
0, 3.68822, 10.474484, -2.7084906, 1830616965864115
1, -0.61578995, -0.3506275, 0.3352225, 1830616965864115
0, 4.1391015, 10.572703, -1.5187943, 1830616970868998
1, -0.6161066, -0.35338995, 0.33397684, 1830616970868998
0, 4.582632, 10.450217, -0.21649094, 1830616975873881
1, -0.61628616, -0.35620847, 0.3322331, 1830616975873881
0, 5.043703, 10.109583, 1.0851585, 1830616980878764
1, -0.6160381, -0.35935465, 0.33028376, 1830616980878764
0, 4.96936, 10.222899, 2.3132675, 1830616985853129
1, -0.6153165, -0.36265036, 0.32807896, 1830616985853129
0, 4.193156, 10.406926, 3.3812392, 1830616990858012
1, -0.614069, -0.36597586, 0.32567203, 1830616990858012
0, 3.1515877, 10.336393, 4.2203946, 1830616995862894
1, -0.61231977, -0.3691666, 0.32315862, 1830616995862894
0, 2.0148673, 10.3057575, 4.5529404, 1830617000867777
1, -0.61006224, -0.37222046, 0.3207102, 1830617000867777
0, 0.48125517, 10.365126, 4.160037, 1830617005872660
1, -0.60729563, -0.37522984, 0.31852034, 1830617005872660
0, -1.3430314, 10.430737, 3.0189939, 1830617010877543
1, -0.6041883, -0.37816113, 0.31663844, 1830617010877543
0, -2.676677, 10.40717, 0.7108459, 1830617015851908
1, -0.6011529, -0.380849, 0.31484172, 1830617015851908
0, -3.5154624, 10.459516, -1.8322543, 1830617020856791
1, -0.5982702, -0.3837175, 0.31323636, 1830617020856791
0, -4.1257443, 10.4562025, -3.5600758, 1830617025861674
1, -0.5958429, -0.38673058, 0.311509, 1830617025861674
0, -4.482337, 10.036178, -4.718895, 1830617030866557
1, -0.5939558, -0.38995, 0.3095455, 1830617030866557
0, -4.7224016, 9.281249, -5.2148933, 1830617035871439
1, -0.5927073, -0.39326537, 0.30716258, 1830617035871439
0, -5.0261946, 8.191654, -5.379401, 1830617040876322
1, -0.5920179, -0.39673936, 0.30441475, 1830617040876322
0, -5.6066313, 6.949381, -5.5947185, 1830617045881205
1, -0.5920154, -0.40007874, 0.30106077, 1830617045881205
0, -6.0103292, 5.753091, -6.2480025, 1830617050886088
1, -0.59276253, -0.40324062, 0.2970887, 1830617050886088
0, -6.0113745, 4.341977, -6.695352, 1830617055860453
1, -0.59428036, -0.40634015, 0.29260185, 1830617055860453
0, -5.260905, 2.8063126, -5.0193486, 1830617060865336
1, -0.59646213, -0.40950337, 0.2875486, 1830617060865336
0, -4.4608755, 1.1144018, -2.47803, 1830617065870219
1, -0.59890234, -0.41292843, 0.28217942, 1830617065870219
0, -3.8997889, -0.55221844, -0.38836944, 1830617070875101
1, -0.60131234, -0.41670516, 0.27669597, 1830617070875101
0, -3.186863, -2.3034725, 1.2241576, 1830617075879984
1, -0.60337996, -0.4210211, 0.27147496, 1830617075879984
0, -2.3190894, -4.1842375, 2.2860239, 1830617080854350
1, -0.60521436, -0.42545223, 0.26627457, 1830617080854350
0, -1.5609357, -5.854928, 2.633602, 1830617085859232
1, -0.6066898, -0.43011913, 0.2611752, 1830617085859232
0, -0.77328086, -7.6645164, 2.291326, 1830617090864115
1, -0.60785335, -0.43483216, 0.25607908, 1830617090864115
0, -0.020702124, -9.789716, 1.4059348, 1830617095868998
1, -0.6086007, -0.439772, 0.25116044, 1830617095868998
0, 0.551594, -11.84986, 0.84722435, 1830617100873881
1, -0.6094286, -0.44428918, 0.24580148, 1830617100873881
0, 0.8201394, -13.950009, 0.61212814, 1830617105878764
1, -0.61020887, -0.44852954, 0.24025102, 1830617105878764
0, 1.0895634, -16.364773, 0.8216797, 1830617110883646
1, -0.61100805, -0.45234442, 0.23445283, 1830617110883646
0, 1.6225042, -18.676762, 1.237058, 1830617115888529
1, -0.6115286, -0.45603943, 0.22889711, 1830617115888529
0, 2.6689475, -20.100815, 0.484069, 1830617120893412
1, -0.6121531, -0.45911914, 0.22314641, 1830617120893412
1, -0.6124809, -0.46232328, 0.21765678, 1830617125898295
0, 4.576537, -20.028625, -1.4196358, 1830617125898295
1, -0.6124376, -0.46625507, 0.21252696, 1830617130903178
0, 5.878051, -19.026268, -4.309478, 1830617130903178
0, 5.2205276, -18.03092, -3.788467, 1830617135908060
1, -0.61186045, -0.47132015, 0.20827766, 1830617135908060
1, -0.61130995, -0.4764337, 0.20419079, 1830617140882426
0, 5.8622, -16.708286, -1.5817761, 1830617140882426
1, -0.61048764, -0.4818183, 0.2004574, 1830617145887309
0, 6.4387712, -15.364636, -0.3833604, 1830617145887309
1, -0.60939187, -0.4874102, 0.1971461, 1830617150892191
0, 6.4273014, -14.197702, -0.08416772, 1830617150892191
1, -0.60779154, -0.4935164, 0.19462249, 1830617155897074
0, 6.2815228, -13.462636, -0.15676999, 1830617155897074
1, -0.6062973, -0.4993871, 0.19220865, 1830617160901957
0, 6.337455, -13.122618, -0.083646536, 1830617160901957
1, -0.6046619, -0.5052462, 0.1900839, 1830617165906840
0, 6.9022307, -12.985647, -0.20628905, 1830617165906840
1, -0.60289735, -0.5109545, 0.18810174, 1830617170881205
0, 6.820353, -12.551515, -1.0659978, 1830617170881205
1, -0.6006911, -0.5170629, 0.18685694, 1830617175886088
0, 7.092943, -12.7647295, -1.8759007, 1830617175886088
1, -0.5987487, -0.5227061, 0.18556324, 1830617180890971
0, 8.452398, -14.020993, -1.7481973, 1830617180890971
1, -0.5966212, -0.52812976, 0.18432713, 1830617185895853
0, 8.202701, -14.320802, -1.8814733, 1830617185895853
0, 7.18896, -15.199516, -2.3969746, 1830617190900736
1, -0.59448826, -0.53328973, 0.1833103, 1830617190900736
1, -0.5920741, -0.5385192, 0.18304107, 1830617195875101
0, 6.9589605, -15.609565, -2.2480454, 1830617195875101
1, -0.59002846, -0.54304475, 0.1825313, 1830617200879984
0, 6.0434375, -15.156138, -1.9129243, 1830617200879984
1, -0.5880245, -0.54707867, 0.18194419, 1830617205884867
0, 3.9300332, -13.960101, -1.7427149, 1830617205884867
1, -0.5862025, -0.55069155, 0.1814719, 1830617210889750
0, 2.0528336, -12.504267, -1.9220498, 1830617210889750
0, 0.7751999, -10.743012, -1.3813763, 1830617215894633
1, -0.5843458, -0.55420715, 0.18146142, 1830617215894633
1, -0.5829416, -0.5570285, 0.18127158, 1830617220899516
0, -0.8529768, -8.619638, -0.8674748, 1830617220899516
0, -2.0366745, -6.593339, -0.45171213, 1830617225904398
1, -0.58172333, -0.5594637, 0.18120643, 1830617225904398
1, -0.5806421, -0.5615866, 0.18134238, 1830617230909281
0, -2.8091593, -4.544093, -0.054681778, 1830617230909281
1, -0.57945895, -0.5636665, 0.18195266, 1830617235914164
0, -3.5508213, -2.7970657, 0.29302835, 1830617235914164
0, -4.0338936, -1.2681351, 0.8721645, 1830617240919047
1, -0.57870114, -0.56518763, 0.18254296, 1830617240919047
0, -4.1152277, 0.11710167, 1.3261933, 1830617245893412
1, -0.5781479, -0.56638724, 0.18331638, 1830617245893412
1, -0.5777914, -0.5673477, 0.18433133, 1830617250898295
0, -4.0193005, 1.3156385, 1.6018324, 1830617250898295
0, -4.064875, 2.3952389, 2.14487, 1830617255903178
1, -0.57733, -0.56839967, 0.18601358, 1830617255903178
1, -0.5773231, -0.5689609, 0.18773033, 1830617260908060
0, -4.0330606, 3.4608164, 2.4977355, 1830617260908060
1, -0.5774512, -0.5693625, 0.18976843, 1830617265912943
0, -3.9698453, 4.3710175, 2.603163, 1830617265912943
1, -0.57767546, -0.56964105, 0.19220296, 1830617270917826
0, -3.8842263, 5.1739626, 2.9255764, 1830617270917826
0, -3.8249588, 5.8813763, 3.2586007, 1830617275922709
1, -0.577649, -0.57012683, 0.19531164, 1830617275922709
0, -3.5904477, 6.483185, 3.443608, 1830617280897074
1, -0.5779627, -0.57019, 0.19840659, 1830617280897074
0, -3.3995392, 6.9026947, 3.649796, 1830617285901957
1, -0.5782867, -0.5701279, 0.20174846, 1830617285901957
1, -0.57859874, -0.569934, 0.20523807, 1830617290906840
0, -3.34276, 7.2398396, 3.7113457, 1830617290906840
0, -3.3807764, 7.6543074, 3.7548525, 1830617295911723
1, -0.57857263, -0.56992835, 0.20909798, 1830617295911723
1, -0.5787673, -0.5695151, 0.21273474, 1830617300916605
0, -3.485808, 8.097975, 3.789252, 1830617300916605
0, -3.714234, 8.893339, 3.9019942, 1830617305921488
1, -0.57886803, -0.56896895, 0.21636233, 1830617305921488
1, -0.5788916, -0.5682378, 0.21976358, 1830617310926371
0, -3.7700663, 9.847829, 3.6996796, 1830617310926371
0, -3.8980472, 10.587886, 3.309871, 1830617315931254
1, -0.57855606, -0.56763256, 0.22318377, 1830617315931254
0, -4.544403, 11.250064, 3.307747, 1830617320936137
1, -0.5784542, -0.56657857, 0.22614363, 1830617320936137
0, -4.936228, 12.034483, 3.1927505, 1830617325910502
1, -0.57833797, -0.5653163, 0.2287058, 1830617325910502
1, -0.57824457, -0.5638845, 0.23089087, 1830617330915385
0, -5.3455133, 12.780677, 2.791918, 1830617330915385
1, -0.5779582, -0.56258714, 0.23299596, 1830617335920267
0, -5.773156, 13.481483, 2.4470596, 1830617335920267
1, -0.57811135, -0.56078017, 0.23447782, 1830617340925150
0, -6.249128, 14.256929, 2.0123184, 1830617340925150
1, -0.5784502, -0.55871665, 0.23567344, 1830617345899516
0, -6.633046, 14.976063, 1.6432285, 1830617345899516
1, -0.57903725, -0.55630386, 0.23663014, 1830617350904398
0, -6.8800898, 15.450827, 1.4015963, 1830617350904398
1, -0.5796238, -0.5538071, 0.23763727, 1830617355909281
0, -6.869871, 15.700824, 1.299742, 1830617355909281
1, -0.5807759, -0.55064505, 0.23818934, 1830617360914164
0, -6.704426, 15.688228, 1.4290786, 1830617360914164
1, -0.5822443, -0.54708123, 0.23855779, 1830617365919047
0, -6.479015, 15.520985, 1.677418, 1830617365919047
1, -0.58402705, -0.5431133, 0.23875657, 1830617370923930
0, -6.138341, 15.134785, 1.8294837, 1830617370923930
1, -0.5858408, -0.53908247, 0.23906338, 1830617375898295
0, -5.5915837, 14.591798, 1.931788, 1830617375898295
1, -0.58808863, -0.53455937, 0.23909293, 1830617380903178
0, -4.8286676, 13.999958, 1.936801, 1830617380903178
1, -0.59042716, -0.5299327, 0.23916319, 1830617385908060
0, -3.955468, 13.32075, 1.9910698, 1830617385908060
1, -0.5927864, -0.525277, 0.23929824, 1830617390912943
0, -3.0278723, 12.479831, 2.111384, 1830617390912943
1, -0.5950901, -0.520652, 0.23952612, 1830617395917826
0, -1.9844892, 11.553819, 2.2469358, 1830617395917826
1, -0.5969146, -0.51653993, 0.24026097, 1830617400922709
0, -0.9649339, 10.626251, 2.48848, 1830617400922709
1, -0.5989716, -0.5121534, 0.2406754, 1830617405897074
0, -0.106604815, 9.665563, 2.6929026, 1830617405897074
1, -0.6009102, -0.5078853, 0.24115984, 1830617410901957
0, 0.6146171, 8.74842, 2.8574872, 1830617410901957
1, -0.6026969, -0.5037511, 0.24170926, 1830617415906840
0, 1.0808144, 7.867427, 3.2473795, 1830617415906840
1, -0.6040315, -0.5000998, 0.2426577, 1830617420911723
0, 1.3230181, 7.03679, 4.001022, 1830617420911723
1, -0.6054855, -0.49623227, 0.2432975, 1830617425916605
0, 1.5151358, 6.29216, 4.7397685, 1830617425916605
1, -0.6065768, -0.4926016, 0.24406569, 1830617430921488
0, 1.6486378, 5.9470453, 5.032463, 1830617430921488
1, -0.607172, -0.48937672, 0.24499969, 1830617435926371
0, 1.5157444, 5.806944, 4.3690386, 1830617435926371
1, -0.60711277, -0.4869849, 0.24626186, 1830617440931254
0, 1.3090553, 5.4495497, 3.3306415, 1830617440931254
1, -0.6069261, -0.4850223, 0.24717079, 1830617445936137
0, 0.88299656, 4.940771, 1.4357647, 1830617445936137
1, -0.6065869, -0.48377076, 0.24778412, 1830617450941019
0, -0.019257784, 4.105277, -1.2607201, 1830617450941019
0, -1.3219771, 2.7998476, -2.1751628, 1830617455915385
1, -0.6063128, -0.48298243, 0.24794868, 1830617455915385
0, -2.8513384, 1.1320639, -0.57190466, 1830617460920267
1, -0.60575753, -0.4827412, 0.24825186, 1830617460920267
0, -4.438946, -0.49634552, 0.41804492, 1830617465925150
1, -0.605268, -0.48238137, 0.24843526, 1830617465925150
0, -5.9709024, -2.1111584, 0.9905833, 1830617470930033
1, -0.6045933, -0.4821947, 0.24888732, 1830617470930033
1, -0.603925, -0.4819121, 0.24940728, 1830617475934916
0, -7.1761055, -3.736022, 1.978364, 1830617475934916
0, -7.9172373, -5.2675514, 1.969245, 1830617480939799
1, -0.60301054, -0.48186967, 0.25036576, 1830617480939799
1, -0.60277194, -0.48114544, 0.25080842, 1830617485944682
0, -8.281427, -7.0284863, -0.18639743, 1830617485944682
0, -8.097334, -9.633128, -2.1704078, 1830617490949564
1, -0.6029058, -0.4802686, 0.25124252, 1830617490949564
1, -0.603359, -0.47912902, 0.25158396, 1830617495954447
0, -7.0839458, -12.080917, -2.0419753, 1830617495954447
1, -0.6038891, -0.47782564, 0.2518854, 1830617500959330
0, -5.8519306, -13.396541, -0.7556281, 1830617500959330
1, -0.60503256, -0.47556636, 0.2513752, 1830617505933695
0, -4.3592033, -13.846666, 0.83653915, 1830617505933695
0, -2.9746404, -13.542141, 1.3047556, 1830617510938578
1, -0.60650676, -0.4726811, 0.2503601, 1830617510938578
1, -0.6081857, -0.46949902, 0.24896725, 1830617515943461
0, -2.041382, -12.441522, 0.46536636, 1830617515943461
1, -0.6096448, -0.46686304, 0.24767579, 1830617520948344
0, -1.5489421, -9.471121, -0.6328654, 1830617520948344
1, -0.61128026, -0.464486, 0.24616024, 1830617525953226
0, -2.2209074, -6.0041914, -1.1218463, 1830617525953226
1, -0.6130206, -0.46246722, 0.24500959, 1830617530958109
0, -3.5281649, -4.0677204, -0.6110015, 1830617530958109
0, -4.216845, -3.0054798, 0.81332195, 1830617535962992
1, -0.614933, -0.46056467, 0.24438246, 1830617535962992
1, -0.616614, -0.45901448, 0.24471804, 1830617540937357
0, -3.9518378, -2.535509, 2.4683313, 1830617540937357
1, -0.6183899, -0.45712662, 0.2454856, 1830617545942240
0, -3.1337533, -2.605979, 3.281951, 1830617545942240
0, -1.802511, -3.0628843, 2.9529037, 1830617550947123
1, -0.6199774, -0.45515996, 0.24691893, 1830617550947123
0, -0.3630123, -4.018523, 1.934939, 1830617555952006
1, -0.6214186, -0.45298293, 0.2487745, 1830617555952006
0, 0.69540644, -5.4851475, 0.97214556, 1830617560956889
1, -0.6225952, -0.45072445, 0.25098446, 1830617560956889
0, 1.1005933, -7.4440155, 0.25308132, 1830617565961771
1, -0.62394935, -0.44787243, 0.25289637, 1830617565961771
0, 0.9829098, -9.529438, -0.29729056, 1830617570966654
1, -0.6253432, -0.4447009, 0.2546236, 1830617570966654
1, -0.62671584, -0.44127116, 0.2562707, 1830617575941019
0, 0.33105707, -11.545247, -0.34658456, 1830617575941019
0, 0.10953784, -13.357077, 0.10185802, 1830617580945902
1, -0.62785316, -0.43783236, 0.2582238, 1830617580945902
1, -0.6291251, -0.4337762, 0.25987136, 1830617585950785
0, 0.37701404, -14.737981, 0.6731616, 1830617585950785
1, -0.630181, -0.42943838, 0.26167372, 1830617590965676
0, 1.0554053, -15.699749, 0.83783805, 1830617590965676
0, 2.4938693, -16.0296, 0.36092687, 1830617595970559
1, -0.63086855, -0.42488313, 0.26374337, 1830617595970559
0, 3.7128165, -16.364506, 0.1311462, 1830617600975442
1, -0.6308584, -0.42048764, 0.2664692, 1830617600975442
1, -0.6307424, -0.41532275, 0.26889923, 1830617605980324
0, 5.1896534, -16.81251, -0.19933546, 1830617605980324
1, -0.6302909, -0.40982392, 0.27123982, 1830617610985207
0, 6.726179, -16.52545, -0.69122183, 1830617610985207
1, -0.629517, -0.40421215, 0.2734777, 1830617615959572
0, 7.9669256, -15.820947, -1.3597797, 1830617615959572
1, -0.62832963, -0.39883268, 0.27594203, 1830617620964455
0, 8.707884, -14.919878, -2.3837729, 1830617620964455
0, 9.164771, -13.72755, -3.3538022, 1830617625969338
1, -0.6269993, -0.39357024, 0.27837422, 1830617625969338
0, 9.062919, -12.297158, -3.5259151, 1830617630974221
1, -0.62547666, -0.3886238, 0.28095022, 1830617630974221
0, 9.274052, -10.774819, -3.3975794, 1830617635979104
1, -0.6237809, -0.38400087, 0.28368697, 1830617635979104
1, -0.62168705, -0.3801921, 0.28702322, 1830617640983986
0, 9.237818, -9.430956, -3.2016642, 1830617640983986
0, 9.200697, -8.050048, -2.8320684, 1830617645988869
1, -0.619606, -0.37658617, 0.29033136, 1830617645988869
1, -0.6173019, -0.37360248, 0.29391542, 1830617650993752
0, 8.940589, -6.5604925, -2.333851, 1830617650993752
0, 8.288841, -5.239769, -1.9948251, 1830617655998635
1, -0.61483085, -0.3711202, 0.29761901, 1830617655998635
0, 7.6897607, -4.3792934, -2.465977, 1830617660973000
1, -0.6121658, -0.369365, 0.30153623, 1830617660973000
0, 6.9406075, -3.880209, -3.421312, 1830617665977883
1, -0.6097385, -0.36781478, 0.3050949, 1830617665977883
1, -0.607442, -0.36683312, 0.3085912, 1830617670982766
0, 5.541147, -3.2349377, -3.9675372, 1830617670982766
0, 3.7118852, -2.8018513, -4.034707, 1830617675987649
1, -0.6053593, -0.3663238, 0.3120801, 1830617675987649
1, -0.6034821, -0.36632097, 0.31574324, 1830617680992531
0, 2.6068597, -2.451067, -4.070269, 1830617680992531
0, 1.7568702, -1.9192162, -3.7049193, 1830617685966897
1, -0.6020444, -0.36632067, 0.31911573, 1830617685966897
0, 1.1578465, -1.3450947, -3.1553838, 1830617690971779
1, -0.6008798, -0.36634892, 0.32239348, 1830617690971779
0, 1.137176, -0.6736927, -3.2730322, 1830617695976662
1, -0.5999131, -0.366432, 0.32561377, 1830617695976662
1, -0.5989252, -0.36687112, 0.32904017, 1830617700981545
0, 1.6361368, 0.1809063, -3.6133938, 1830617700981545
0, 2.54059, 1.2064371, -3.5103283, 1830617705955910
1, -0.59815586, -0.3671487, 0.3320891, 1830617705955910
0, 3.7390847, 2.3356724, -3.4135318, 1830617710960793
1, -0.5974079, -0.36744973, 0.33494365, 1830617710960793
0, 4.644885, 3.6113777, -3.3562064, 1830617715965676
1, -0.59667903, -0.3678004, 0.33745897, 1830617715965676
0, 5.178882, 4.9280596, -3.1909013, 1830617720970559
1, -0.59579813, -0.36857253, 0.33981988, 1830617720970559
1, -0.59510916, -0.36930785, 0.34145683, 1830617725975442
0, 4.6486797, 6.4769583, -3.0167058, 1830617725975442
0, 3.8029575, 7.8561497, -2.029284, 1830617730980324
1, -0.5943581, -0.37024504, 0.34282357, 1830617730980324
0, 2.7383137, 8.907987, -1.2110233, 1830617735985207
1, -0.5934157, -0.3713769, 0.34408116, 1830617735985207
1, -0.59205997, -0.3730942, 0.34570336, 1830617740990090
0, 1.4129751, 9.730989, -1.0951688, 1830617740990090
1, -0.5907608, -0.374721, 0.34703243, 1830617745994973
0, 0.45811534, 10.397271, -1.1395403, 1830617745994973
1, -0.58937, -0.3766007, 0.34842685, 1830617750999856
0, -0.13973075, 10.931068, -1.3688209, 1830617750999856
1, -0.58803105, -0.37859604, 0.34976646, 1830617756004738
0, -0.6738806, 10.957205, -1.3603276, 1830617756004738
0, -0.7669703, 11.559693, -1.1853068, 1830617760979104
1, -0.5867223, -0.3807753, 0.35119152, 1830617760979104
0, -0.3415919, 12.175761, -1.3670903, 1830617765983986
1, -0.5855944, -0.3828164, 0.35230848, 1830617765983986
0, -0.07399213, 11.982751, -1.6919639, 1830617770988869
1, -0.5845045, -0.38498253, 0.35330594, 1830617770988869
1, -0.5835604, -0.3871538, 0.35408783, 1830617775993752
0, 0.06548399, 11.711038, -1.879146, 1830617775993752
1, -0.5826612, -0.38947812, 0.3548519, 1830617780998635
0, 0.1588651, 11.389435, -2.067591, 1830617780998635
1, -0.5820718, -0.39153135, 0.35513312, 1830617786003518
0, 0.3349495, 11.099261, -2.1954997, 1830617786003518
1, -0.5815892, -0.39355668, 0.3551887, 1830617791008400
0, 0.32982707, 11.093855, -2.1728327, 1830617791008400
1, -0.58120066, -0.39553034, 0.35504094, 1830617796013283
0, 0.03368956, 11.301077, -2.3354578, 1830617796013283
1, -0.5807133, -0.3977419, 0.35499865, 1830617801018166
0, -0.12238324, 11.2496, -2.695273, 1830617801018166
1, -0.580435, -0.3997138, 0.354476, 1830617806023049
0, -0.10166621, 10.8392105, -2.7954087, 1830617806023049
1, -0.58008635, -0.40183723, 0.35384774, 1830617810997414
0, -0.27602243, 10.393033, -2.6145446, 1830617810997414
0, -0.5334366, 9.927753, -2.2919202, 1830617816002297
1, -0.57962215, -0.4041511, 0.3531385, 1830617816002297
1, -0.57886904, -0.4068149, 0.35257185, 1830617821007180
0, -0.7685104, 9.364468, -1.8551962, 1830617821007180
1, -0.5782019, -0.40921003, 0.35159773, 1830617825981545
0, -0.93732524, 9.02134, -1.2601644, 1830617825981545
1, -0.57739514, -0.4116084, 0.3505126, 1830617830986428
0, -0.930101, 8.8167925, -0.5817931, 1830617830986428
1, -0.5763805, -0.4140114, 0.3493985, 1830617835991311
0, -1.1271996, 8.62626, 0.26220208, 1830617835991311
1, -0.5750222, -0.4165782, 0.3485487, 1830617840996193
0, -2.0656672, 8.346961, 0.50290257, 1830617840996193
0, -2.8771653, 8.278096, -0.23385623, 1830617846001076
1, -0.57374436, -0.41882896, 0.3474863, 1830617846001076
0, -2.8890853, 8.713593, -1.2274685, 1830617851005959
1, -0.5724836, -0.4210004, 0.34635225, 1830617851005959
1, -0.57117677, -0.42331925, 0.3452402, 1830617856010842
0, -2.921042, 9.164893, -1.8651223, 1830617856010842
0, -3.4447217, 9.167936, -2.2568045, 1830617861015725
1, -0.5696922, -0.42611694, 0.34440264, 1830617861015725
0, -3.9176946, 9.029474, -2.593484, 1830617866020608
1, -0.5685376, -0.4288888, 0.34325898, 1830617866020608
0, -4.2309256, 8.871733, -2.4939904, 1830617870994973
1, -0.56776226, -0.43174964, 0.34189257, 1830617870994973
0, -4.4068537, 8.7543125, -1.908859, 1830617875999856
1, -0.5674208, -0.4347281, 0.34020218, 1830617875999856
1, -0.5673918, -0.43789014, 0.33828944, 1830617881004738
0, -4.797919, 8.409103, -1.035913, 1830617881004738
0, -5.061065, 7.9128914, -0.49608487, 1830617886009621
1, -0.5680734, -0.44067127, 0.33562896, 1830617886009621
0, -5.019749, 7.134157, 0.021802306, 1830617891014504
1, -0.56926084, -0.44333622, 0.332471, 1830617891014504
0, -4.7542477, 5.8983107, 0.257, 1830617896019387
1, -0.57084703, -0.44603014, 0.3288919, 1830617896019387
0, -4.5774164, 4.456868, 0.52506113, 1830617900993752
1, -0.5724685, -0.44918248, 0.32542288, 1830617900993752
0, -4.2477937, 2.893465, 1.0514355, 1830617905998635
1, -0.5743976, -0.45245862, 0.32167092, 1830617905998635
1, -0.5763374, -0.45610327, 0.31799766, 1830617911003518
0, -3.7125144, 1.0455418, 1.6161876, 1830617911003518
0, -2.8757095, -1.0839376, 2.3470163, 1830617916008400
1, -0.5781058, -0.46010226, 0.31456792, 1830617916008400
0, -1.8598531, -3.4799566, 2.533493, 1830617921013283
1, -0.57929474, -0.4647157, 0.31179988, 1830617921013283
0, -0.28959715, -6.1637993, 1.3343155, 1830617926018166
1, -0.58045965, -0.46918067, 0.30877736, 1830617926018166
0, 1.6157235, -8.973161, -0.3735019, 1830617931023049
1, -0.58146125, -0.47370428, 0.3054516, 1830617931023049
0, 3.561017, -11.346716, -1.1991639, 1830617935997414
1, -0.58230263, -0.47826713, 0.30162308, 1830617935997414
0, 4.40959, -13.238229, -0.48262906, 1830617941002297
1, -0.5826327, -0.4832541, 0.29758513, 1830617941002297
0, 4.10388, -14.688596, 0.49715424, 1830617946007180
1, -0.58296824, -0.4878899, 0.292814, 1830617946007180
0, 3.0798366, -16.549034, 1.2762188, 1830617951012063
1, -0.58307636, -0.49235564, 0.28775114, 1830617951012063
0, 1.7835984, -18.89954, 1.3087238, 1830617956016945
1, -0.58303285, -0.49656639, 0.28252906, 1830617956016945
0, 0.59648585, -20.370298, 0.18242085, 1830617961021828
1, -0.5825046, -0.5010214, 0.27789268, 1830617961021828
0, 1.1852579, -20.452145, -2.624274, 1830617966026711
1, -0.5822066, -0.5051625, 0.27323, 1830617966026711
0, 3.0772767, -19.198202, -4.66518, 1830617971031594
1, -0.5816559, -0.5098881, 0.26906115, 1830617971031594
0, 4.791555, -17.025557, -4.3357477, 1830617976005959
1, -0.5808359, -0.5153569, 0.26528502, 1830617976005959
0, 5.7713594, -15.270699, -2.496859, 1830617981010842
1, -0.57942855, -0.5218315, 0.26211387, 1830617981010842
0, 6.350006, -14.055658, -0.7749355, 1830617986015725
1, -0.57802564, -0.5283494, 0.2590198, 1830617986015725
0, 6.9368615, -12.974059, 0.15487862, 1830617991020608
1, -0.5763525, -0.5350893, 0.25642708, 1830617991020608
0, 7.1169224, -12.407617, 0.62754583, 1830617996025490
1, -0.5744392, -0.541993, 0.2543952, 1830617996025490
0, 7.064264, -12.286159, 0.6733272, 1830618001030373
1, -0.5721043, -0.54919595, 0.25305697, 1830618001030373
0, 6.7146974, -12.274074, 0.7511437, 1830618006004738
1, -0.5699781, -0.5558907, 0.25164938, 1830618006004738
1, -0.567829, -0.56230843, 0.25026223, 1830618011009621
0, 6.6400523, -12.52949, 0.61157465, 1830618011009621
0, 6.7029123, -13.085005, 0.30544782, 1830618016014504
1, -0.56570244, -0.5683248, 0.24882612, 1830618016014504
0, 6.932316, -13.614672, -0.4369781, 1830618021019387
1, -0.56320834, -0.5743701, 0.24775092, 1830618021019387
0, 7.094472, -14.11125, -0.53794694, 1830618026024270
1, -0.56109375, -0.579736, 0.24639192, 1830618026024270
0, 6.6725006, -14.273623, -0.294621, 1830618031029152
1, -0.5589657, -0.58471626, 0.24500592, 1830618031029152
1, -0.5567773, -0.5892064, 0.24346215, 1830618036034035
0, 5.8881245, -14.13566, 0.04724288, 1830618036034035
0, 4.3447213, -13.512733, -0.5137477, 1830618041008400
1, -0.5541547, -0.59365124, 0.24229015, 1830618041008400
0, 3.1339104, -12.873747, -0.40746737, 1830618046013283
1, -0.55190253, -0.59749043, 0.24103029, 1830618046013283
0, 2.4096408, -11.838057, 0.009444714, 1830618051018166
1, -0.54962504, -0.60101074, 0.23995472, 1830618051018166
0, 1.2820365, -10.373599, 0.08139801, 1830618056023049
1, -0.5472294, -0.6042305, 0.23891073, 1830618056023049
0, -0.7002554, -8.581441, -0.5632906, 1830618061027932
1, -0.54443234, -0.607588, 0.23831922, 1830618061027932
0, -2.1033776, -7.1713886, -0.35324883, 1830618066032815
1, -0.5420408, -0.610486, 0.23773928, 1830618066032815
0, -2.7615254, -5.310277, -0.18836856, 1830618071037697
1, -0.5396595, -0.6132025, 0.23742405, 1830618071037697
0, -3.3484921, -3.3335247, -0.17677903, 1830618076012063
1, -0.5372517, -0.6157566, 0.23734802, 1830618076012063
1, -0.53459674, -0.6183838, 0.2376697, 1830618081016945
0, -3.900646, -1.6101494, -0.00849843, 1830618081016945
0, -4.2042055, -0.2711811, 0.264534, 1830618086021828
1, -0.5321667, -0.6206992, 0.23803721, 1830618086021828
0, -4.5822124, 0.79134464, 0.71451116, 1830618091026711
1, -0.52980953, -0.6228495, 0.23859617, 1830618091026711
0, -4.5649123, 2.0202246, 1.0577412, 1830618096031594
1, -0.52761, -0.62481475, 0.23929656, 1830618096031594
1, -0.52525675, -0.6269185, 0.24046104, 1830618101005959
0, -4.388054, 3.4034462, 1.3771191, 1830618101005959
0, -4.4251957, 4.778386, 1.7915432, 1830618106010842
1, -0.523551, -0.62846154, 0.24142393, 1830618106010842
0, -4.495144, 5.9420853, 2.0816238, 1830618111015725
1, -0.5221843, -0.62964535, 0.2424239, 1830618111015725
0, -4.433021, 6.763502, 2.2349386, 1830618116020608
1, -0.52114844, -0.63045543, 0.24347249, 1830618116020608
0, -4.4154625, 7.295682, 2.4720683, 1830618121056008
1, -0.52037233, -0.6309632, 0.24466528, 1830618121056008
1, -0.51953346, -0.631428, 0.24624765, 1830618126060891
0, -4.447743, 7.620061, 2.7234797, 1830618126060891
0, -4.2220936, 7.9325237, 2.8625827, 1830618131035256
1, -0.51924145, -0.6313586, 0.24765271, 1830618131035256
1, -0.51911294, -0.6310671, 0.24919315, 1830618136040139
0, -4.025914, 8.142111, 3.0305734, 1830618136040139
0, -3.8963704, 8.387003, 3.3492928, 1830618141045022
1, -0.519097, -0.6305861, 0.25083405, 1830618141045022
0, -3.7744648, 8.784007, 3.3520007, 1830618146049904
1, -0.518889, -0.6301715, 0.2527703, 1830618146049904
1, -0.51892716, -0.6294249, 0.25462043, 1830618151054787
0, -4.065137, 9.203536, 3.8516755, 1830618151054787
1, -0.51900804, -0.6284814, 0.2563139, 1830618156059670
0, -4.147576, 9.909845, 3.6983378, 1830618156059670
1, -0.51908123, -0.62740916, 0.25789037, 1830618161064553
0, -4.3759756, 10.591414, 3.5247376, 1830618161064553
1, -0.51890653, -0.62639534, 0.2594988, 1830618166038918
0, -4.6386323, 11.32929, 3.435958, 1830618166038918
1, -0.51891834, -0.6250641, 0.26074892, 1830618171043801
0, -4.9791064, 12.151982, 3.2543988, 1830618171043801
1, -0.5189242, -0.6235745, 0.2617339, 1830618176048684
0, -5.2380276, 13.116427, 2.8939445, 1830618176048684
0, -5.464478, 13.830543, 2.5084991, 1830618181053567
1, -0.5189668, -0.6219137, 0.26248387, 1830618181053567
1, -0.5189229, -0.62018716, 0.26316875, 1830618186058449
0, -5.611908, 14.321265, 2.3281, 1830618186058449
0, -5.818704, 14.708447, 1.8817263, 1830618191063332
1, -0.5191813, -0.6180914, 0.26348072, 1830618191063332
0, -5.932701, 14.791514, 1.4315982, 1830618196068215
1, -0.5196345, -0.61575896, 0.2635821, 1830618196068215
1, -0.52029973, -0.6131865, 0.263512, 1830618201073098
0, -5.919463, 14.626031, 1.2103584, 1830618201073098
1, -0.5210026, -0.6105664, 0.2634454, 1830618206047463
0, -5.7569294, 14.293494, 1.0515978, 1830618206047463
1, -0.522226, -0.60750645, 0.26300812, 1830618211052346
0, -5.5926905, 13.741593, 1.1043532, 1830618211052346
1, -0.52375317, -0.60424876, 0.2624351, 1830618216057229
0, -5.47841, 13.1593895, 1.3102334, 1830618216057229
1, -0.5255402, -0.60084516, 0.26183242, 1830618221062111
0, -5.3291335, 12.640558, 1.5930219, 1830618221062111
1, -0.527329, -0.5974893, 0.26144782, 1830618226036477
0, -5.0130296, 12.249972, 1.913691, 1830618226036477
1, -0.5293678, -0.59389985, 0.26108328, 1830618231041359
0, -4.4699793, 11.899656, 2.196652, 1830618231041359
1, -0.53142476, -0.5902577, 0.26089558, 1830618236046242
0, -3.7344122, 11.57025, 2.4749637, 1830618236046242
1, -0.5334709, -0.5865506, 0.26086953, 1830618241051125
0, -3.1207464, 11.084613, 2.7334247, 1830618241051125
0, -2.5867484, 10.44259, 3.0912166, 1830618246056008
1, -0.53538686, -0.582862, 0.2610656, 1830618246056008
0, -2.1209064, 9.708676, 3.4837515, 1830618251060891
1, -0.53742, -0.5789658, 0.2612183, 1830618251060891
0, -1.8257251, 8.942809, 3.8965473, 1830618256065774
1, -0.53945607, -0.5749593, 0.26145965, 1830618256065774
0, -1.7604015, 8.245683, 4.0207458, 1830618261070656
1, -0.5414379, -0.5708954, 0.26188266, 1830618261070656
0, -1.8806038, 7.708437, 4.0191336, 1830618266075539
1, -0.54317766, -0.56695515, 0.26274607, 1830618266075539
0, -2.0229185, 7.342969, 3.9277375, 1830618271080422
1, -0.5448845, -0.562948, 0.2638824, 1830618271080422
0, -2.1755896, 6.8377533, 4.4794116, 1830618276085305
1, -0.546545, -0.55889785, 0.26528746, 1830618276085305
0, -2.1312087, 6.3331776, 5.422343, 1830618281090188
1, -0.5482984, -0.55476004, 0.26676348, 1830618281090188
1, -0.5497337, -0.5507939, 0.26859587, 1830618286095070
0, -1.831806, 6.5399904, 4.797303, 1830618286095070
0, -1.5221322, 6.591033, 3.7879114, 1830618291069436
1, -0.5511387, -0.5466391, 0.27030107, 1830618291069436
0, -0.9771035, 6.290694, 2.6471562, 1830618296043801
1, -0.55247396, -0.5426378, 0.27179036, 1830618296043801
1, -0.55368495, -0.5389834, 0.27297577, 1830618301048684
0, -0.66609454, 5.8533535, 1.0138209, 1830618301048684
0, -0.89497733, 4.8864756, -0.074205995, 1830618306053567
1, -0.55449164, -0.5359136, 0.27405208, 1830618306053567
1, -0.5552546, -0.53293717, 0.27473137, 1830618311058449
0, -1.7245748, 3.0301275, 0.508258, 1830618311058449
0, -2.8581474, 0.6001682, 1.8250073, 1830618316063332
1, -0.5556624, -0.5301387, 0.27548385, 1830618316063332
0, -4.2794123, -2.102561, 2.1663222, 1830618321068215
1, -0.5557045, -0.52739507, 0.2764399, 1830618321068215
1, -0.55543506, -0.524716, 0.27768582, 1830618326073098
0, -5.5841784, -5.1968584, 2.3212366, 1830618326073098
1, -0.555246, -0.5218297, 0.27891603, 1830618331077981
0, -6.3567514, -8.452274, 1.1194675, 1830618331077981
1, -0.5551084, -0.519175, 0.2802462, 1830618336082863
0, -6.396032, -12.203952, -2.6637747, 1830618336082863
1, -0.5553652, -0.5168845, 0.28145897, 1830618341057229
0, -6.309325, -17.267838, -6.7680483, 1830618341057229
1, -0.5559227, -0.5151837, 0.28267372, 1830618346062111
0, -5.4981623, -22.02142, -8.435335, 1830618346062111
1, -0.5571312, -0.51327485, 0.2830846, 1830618351066994
0, -3.784703, -24.279919, -5.3926754, 1830618351066994
1, -0.5583324, -0.5113242, 0.28278828, 1830618356071877
0, -0.47726846, -22.700241, -1.1108541, 1830618356071877
1, -0.5591573, -0.5096933, 0.2817973, 1830618361076760
0, 2.5753708, -17.555885, 0.2882805, 1830618361076760
1, -0.55935544, -0.5088698, 0.28044313, 1830618366081643
0, 3.6978216, -10.786464, -0.7126956, 1830618366081643
1, -0.5597166, -0.50814575, 0.27825165, 1830618371086525
0, 2.6876626, -5.7843313, -1.6827585, 1830618371086525
1, -0.5603726, -0.5074383, 0.2757552, 1830618376091408
0, -0.47641802, -3.198248, -2.22057, 1830618376091408
1, -0.5616115, -0.5065239, 0.2732286, 1830618381096291
0, -3.0131285, -1.1263819, -2.290607, 1830618381096291
1, -0.5633681, -0.50555956, 0.2709595, 1830618386101174
0, -4.019597, 0.46869755, -1.1152797, 1830618386101174
0, -4.0930643, 1.2408371, 0.7635857, 1830618391106057
1, -0.5655341, -0.50461495, 0.26902092, 1830618391106057
1, -0.5676853, -0.5039249, 0.26778632, 1830618396080422
0, -3.6324282, 1.3492861, 2.5131187, 1830618396080422
1, -0.5696612, -0.5034728, 0.26736733, 1830618401085305
0, -2.9089587, 1.1350193, 3.1503363, 1830618401085305
1, -0.57121533, -0.5033653, 0.26800972, 1830618406090188
0, -2.3394504, 0.5942669, 2.6695557, 1830618406090188
1, -0.57290095, -0.50282973, 0.26895925, 1830618411095070
0, -1.4440231, -0.6239214, 1.8342549, 1830618411095070
1, -0.5745289, -0.5020008, 0.27030152, 1830618416099953
0, -0.92607117, -2.363841, 1.2175975, 1830618416099953
0, -0.85391617, -4.427163, 0.7058208, 1830618421104836
1, -0.5761984, -0.50082177, 0.2718493, 1830618421104836
1, -0.5777939, -0.49947518, 0.2737387, 1830618426109719
0, -1.1198838, -6.7326136, 0.4292462, 1830618426109719
1, -0.57962084, -0.4976207, 0.27559012, 1830618431084084
0, -1.2358465, -9.01711, 0.6946176, 1830618431084084
1, -0.5815374, -0.4954084, 0.27756706, 1830618436088967
0, -1.0124016, -10.98418, 1.5352302, 1830618436088967
1, -0.5834839, -0.4928157, 0.2796474, 1830618441093850
0, -0.7353256, -12.359261, 2.6021018, 1830618441093850
1, -0.58515435, -0.49007523, 0.2821059, 1830618446098733
0, -0.14199519, -13.166611, 3.0452049, 1830618446098733
1, -0.586856, -0.48671582, 0.28442678, 1830618451103615
0, 0.7753048, -13.579128, 2.903256, 1830618451103615
1, -0.5882518, -0.4830525, 0.28684443, 1830618456108498
0, 1.6504817, -13.812803, 2.4666927, 1830618456108498
0, 2.6016133, -13.868208, 2.0769913, 1830618461113381
1, -0.5892122, -0.47919574, 0.28939342, 1830618461113381
0, 3.477738, -13.739126, 1.5546247, 1830618466118264
1, -0.58950704, -0.4754386, 0.29219013, 1830618466118264
0, 4.300829, -13.455037, 0.94513774, 1830618471092629
1, -0.5895287, -0.47130224, 0.29462582, 1830618471092629
1, -0.58912414, -0.46690884, 0.29698667, 1830618476097512
0, 4.562955, -13.35548, 0.3526951, 1830618476097512
1, -0.58837885, -0.46221462, 0.29919365, 1830618481102395
0, 5.1887007, -13.189399, -0.36029208, 1830618481102395
1, -0.58724093, -0.45736766, 0.30138367, 1830618486107277
0, 5.4848676, -12.737246, -1.3359455, 1830618486107277
0, 5.434841, -12.133508, -2.389588, 1830618491112160
1, -0.58609897, -0.45201403, 0.30323175, 1830618491112160
1, -0.5848931, -0.44642907, 0.30504748, 1830618496117043
0, 5.374469, -11.569774, -3.3331249, 1830618496117043
0, 5.3708935, -10.914516, -4.0070786, 1830618501121926
1, -0.58367336, -0.4407599, 0.3069827, 1830618501121926
0, 5.396701, -10.356867, -4.6421723, 1830618506096291
1, -0.5822994, -0.4354163, 0.30940434, 1830618506096291
0, 5.7674665, -9.752873, -5.009502, 1830618511101174
1, -0.58099395, -0.43019167, 0.31217244, 1830618511101174
1, -0.57963175, -0.42540154, 0.3154514, 1830618516106057
0, 6.0436645, -8.935538, -5.1258516, 1830618516106057
1, -0.5782586, -0.42101124, 0.31912714, 1830618521110940
0, 6.202408, -8.333249, -5.2351217, 1830618521110940
1, -0.5768929, -0.41697857, 0.32303894, 1830618526115822
0, 6.6268997, -7.757001, -5.227602, 1830618526115822
1, -0.575595, -0.4132994, 0.32688683, 1830618531090188
0, 7.0449677, -6.9393415, -5.2744956, 1830618531090188
0, 7.0854845, -5.8783264, -5.2201815, 1830618536095070
1, -0.5743154, -0.41005144, 0.33060452, 1830618536095070
0, 6.870254, -4.789529, -4.959942, 1830618541099953
1, -0.57309365, -0.40729347, 0.33402434, 1830618541099953
0, 6.3401685, -3.8569908, -4.445338, 1830618546104836
1, -0.5718609, -0.40516484, 0.337182, 1830618546104836
1, -0.5707397, -0.4035202, 0.3399846, 1830618551109719
0, 5.003154, -3.3671112, -4.2147584, 1830618551109719
0, 2.9736874, -2.7734337, -4.4944873, 1830618556114602
1, -0.5698426, -0.40227765, 0.34257534, 1830618556114602
1, -0.5693441, -0.4012705, 0.34497544, 1830618561088967
0, 1.1032923, -2.1710377, -5.1061077, 1830618561088967
0, -0.3391409, -1.5928793, -5.505853, 1830618566093850
1, -0.56913227, -0.40067855, 0.34757137, 1830618566093850
1, -0.5693819, -0.4002775, 0.35014296, 1830618571098733
0, -1.0200868, -0.8570013, -6.045307, 1830618571098733
1, -0.56998354, -0.4001838, 0.35283124, 1830618576103615
0, -1.1311514, 0.101000786, -6.040345, 1830618576103615
1, -0.5708903, -0.40021965, 0.35555357, 1830618581108498
0, -0.73990697, 1.3165159, -5.039929, 1830618581108498
1, -0.57178855, -0.40054426, 0.3585565, 1830618586113381
0, 0.14719594, 2.413498, -3.9273279, 1830618586113381
1, -0.5729364, -0.40053672, 0.36117432, 1830618591118264
0, 1.3409971, 3.4945107, -2.9914432, 1830618591118264
1, -0.57413274, -0.40035757, 0.36355966, 1830618596123147
0, 2.3585474, 4.7243805, -2.4689429, 1830618596123147
1, -0.5754125, -0.39996877, 0.36556825, 1830618601128029
0, 3.3610303, 5.8804216, -2.436214, 1830618601128029
1, -0.57675976, -0.3994152, 0.36721036, 1830618606132912
0, 3.7398372, 7.1013927, -2.174646, 1830618606132912
1, -0.5781984, -0.39863393, 0.3682975, 1830618611107277
0, 4.3018374, 7.9662933, -1.6751122, 1830618611107277
1, -0.5794303, -0.39800277, 0.3691727, 1830618616112160
0, 3.9441774, 8.860487, -0.89056623, 1830618616112160
0, 2.8105655, 10.078193, -0.5870576, 1830618621117043
1, -0.5803677, -0.39750564, 0.37005883, 1830618621117043
0, 2.308946, 12.116385, -0.86600477, 1830618626121926
1, -0.5809135, -0.39738464, 0.37100697, 1830618626121926
1, -0.58127624, -0.39753404, 0.37180832, 1830618631126809
0, 0.7445497, 12.805287, -1.3460331, 1830618631126809
1, -0.5814394, -0.39813426, 0.3727856, 1830618636131692
0, -1.0192918, 12.888066, -1.1939167, 1830618636131692
1, -0.58152705, -0.39905134, 0.37395144, 1830618641136574
0, -2.1224685, 12.953924, -0.6100323, 1830618641136574
1, -0.5815066, -0.40027097, 0.37536648, 1830618646110940
0, -2.2315278, 13.218151, -0.08853928, 1830618646110940
1, -0.5814676, -0.4016056, 0.37680772, 1830618651115822
0, -1.4144877, 13.386376, 0.08238852, 1830618651115822
1, -0.58136916, -0.40315285, 0.3782309, 1830618656120705
0, -0.21678677, 13.32711, -0.1540947, 1830618656120705
1, -0.5813137, -0.4048225, 0.3794201, 1830618661095070
0, 0.9220578, 13.081245, -0.227239, 1830618661095070
1, -0.58131695, -0.40659377, 0.380284, 1830618666099953
0, 1.8836083, 12.550907, 0.07607073, 1830618666099953
1, -0.5813856, -0.4083289, 0.38067457, 1830618671104836
0, 2.7669663, 11.805693, 0.60060287, 1830618671104836
1, -0.58143634, -0.41006494, 0.3806197, 1830618676109719
0, 2.8527982, 11.37188, 0.9356321, 1830618676109719
1, -0.58150214, -0.41174492, 0.3801471, 1830618681114602
0, 2.5326815, 11.368672, 0.96847427, 1830618681114602
1, -0.5815376, -0.41343075, 0.3794035, 1830618686119484
0, 2.3107364, 11.374697, 1.0510168, 1830618686119484
0, 1.9337368, 11.413884, 1.4761521, 1830618691124367
1, -0.58163303, -0.41489393, 0.37825978, 1830618691124367
1, -0.5815975, -0.41627225, 0.37695807, 1830618696129250
0, 1.5504043, 11.400145, 1.9328986, 1830618696129250
1, -0.5813696, -0.417531, 0.37558267, 1830618701134133
0, 1.1613553, 11.161456, 2.1727374, 1830618701134133
0, 0.84806246, 10.612039, 2.1179502, 1830618706139016
1, -0.5807815, -0.4188328, 0.37435052, 1830618706139016
0, 0.35656214, 10.072707, 1.7683815, 1830618711143899
1, -0.5800063, -0.41992435, 0.37300158, 1830618711143899
0, -0.2811718, 9.464509, 1.131516, 1830618716148781
1, -0.57889724, -0.4210254, 0.3717999, 1830618716148781
1, -0.5774675, -0.42217028, 0.37082586, 1830618721123147
0, -0.86508733, 8.873659, 0.4452839, 1830618721123147
0, -1.3396021, 8.371814, -0.29835582, 1830618726128029
1, -0.5756813, -0.42349726, 0.3701922, 1830618726128029
1, -0.57380944, -0.42487445, 0.36969957, 1830618731132912
0, -1.8898963, 7.942131, -1.1146294, 1830618731132912
1, -0.57199395, -0.42642766, 0.36935547, 1830618736137795
0, -2.4785252, 7.6921654, -2.055857, 1830618736137795
1, -0.5704455, -0.42817545, 0.36901852, 1830618741142678
0, -2.7407794, 7.6026297, -2.8824987, 1830618741142678
1, -0.56929576, -0.43008655, 0.3685457, 1830618746147561
0, -2.789349, 7.376832, -3.3145185, 1830618746147561
1, -0.5686957, -0.43203884, 0.3677072, 1830618751152443
0, -2.9554102, 6.876132, -3.5063236, 1830618751152443
1, -0.5686369, -0.43408272, 0.36642578, 1830618756157326
0, -2.560596, 6.4737587, -3.6512506, 1830618756157326
1, -0.5690316, -0.43635058, 0.3646662, 1830618761162209
0, -2.249086, 5.867894, -3.729855, 1830618761162209
1, -0.5697652, -0.4389928, 0.36254176, 1830618766136574
0, -2.3207998, 5.072812, -3.6845834, 1830618766136574
1, -0.57105654, -0.44175917, 0.3597588, 1830618771141457
0, -2.3759437, 4.136224, -3.4716737, 1830618771141457
1, -0.57273936, -0.44482118, 0.35649914, 1830618776146340
0, -2.5466056, 2.9837828, -3.165896, 1830618776146340
1, -0.57477826, -0.4481761, 0.35279068, 1830618781151223
0, -3.0602026, 1.6368065, -2.7630985, 1830618781151223
1, -0.5770661, -0.45175442, 0.34875566, 1830618786125588
0, -3.5376446, 0.22929192, -2.1205218, 1830618786125588
0, -3.5868573, -1.1503706, -0.50711685, 1830618791130471
1, -0.5795201, -0.4554195, 0.34439266, 1830618791130471
1, -0.5818387, -0.4592755, 0.3400168, 1830618796135354
0, -3.0449162, -2.5210857, 0.9016256, 1830618796135354
1, -0.5838707, -0.46352205, 0.33583465, 1830618801140236
0, -2.2849605, -3.727394, 1.495473, 1830618801140236
1, -0.5854738, -0.4683849, 0.3320998, 1830618806145119
0, -1.3846228, -4.8675356, 2.0607142, 1830618806145119
1, -0.5868509, -0.47349098, 0.3285726, 1830618811119484
0, -0.37892044, -5.934145, 2.6888773, 1830618811119484
1, -0.5879357, -0.4787887, 0.3252134, 1830618816124367
0, 0.5751991, -7.0444098, 3.3609028, 1830618816124367
1, -0.5887903, -0.48391563, 0.32175845, 1830618821129250
0, 1.5544091, -8.331663, 3.8226857, 1830618821129250
1, -0.5894199, -0.4887048, 0.31802002, 1830618826134133
0, 2.2971747, -10.23776, 3.645126, 1830618826134133
1, -0.5900047, -0.49295694, 0.31379434, 1830618831139016
0, 2.4414573, -12.58482, 2.414286, 1830618831139016
1, -0.5905015, -0.49687618, 0.309312, 1830618836143899
0, 1.9632998, -14.363063, 0.54931724, 1830618836143899
1, -0.590896, -0.5007684, 0.304819, 1830618841148781
0, 1.4237003, -15.40601, -1.9876277, 1830618841148781
1, -0.5912125, -0.50486934, 0.30049235, 1830618846153664
0, 1.1226691, -15.478348, -3.6617582, 1830618846153664
1, -0.59136367, -0.5094027, 0.29640263, 1830618851158547
0, 1.8118231, -14.452752, -4.473218, 1830618851158547
1, -0.5914327, -0.51428384, 0.2923135, 1830618856163430
0, 2.924115, -12.919529, -4.7162046, 1830618856163430
0, 4.153485, -11.496883, -4.23125, 1830618861168313
1, -0.5913195, -0.51956993, 0.28818873, 1830618861168313
0, 4.6870546, -10.74213, -3.243409, 1830618866173195
1, -0.5910278, -0.5251218, 0.2839297, 1830618866173195
0, 4.4412556, -10.159254, -2.2843163, 1830618871178078
1, -0.590343, -0.5310493, 0.279747, 1830618871178078
1, -0.5899075, -0.53652996, 0.27506694, 1830618876152443
0, 4.296208, -9.486373, -1.6219168, 1830618876152443
1, -0.58937514, -0.5420437, 0.2702611, 1830618881157326
0, 4.1299314, -9.240597, -1.3571413, 1830618881157326
1, -0.5887196, -0.54760987, 0.26546523, 1830618886162209
0, 4.0879545, -9.11723, -1.0136833, 1830618886162209
0, 4.3230867, -9.316613, -0.3346672, 1830618891167092
1, -0.58769953, -0.55340064, 0.2608904, 1830618891167092
1, -0.5867424, -0.55881715, 0.25601587, 1830618896141457
0, 4.713495, -9.718126, -0.26393056, 1830618896141457
1, -0.5855735, -0.5642618, 0.25118068, 1830618901146340
0, 5.0400925, -10.312222, -0.6074827, 1830618901146340
1, -0.58420527, -0.5696781, 0.24662368, 1830618906151223
0, 5.07232, -11.32443, -0.427696, 1830618906151223
1, -0.5824786, -0.57512707, 0.24248596, 1830618911156106
0, 5.018175, -12.210452, -0.39480615, 1830618911156106
1, -0.5806945, -0.5802258, 0.23846051, 1830618916160988
0, 4.979677, -12.945633, -0.9223666, 1830618916160988
1, -0.578643, -0.5853441, 0.2349007, 1830618921165871
0, 4.9382935, -13.120806, -2.2583604, 1830618921165871
1, -0.57640743, -0.5905457, 0.23203008, 1830618926170754
0, 4.6097784, -13.429646, -2.7690005, 1830618926170754
0, 4.293846, -13.500763, -2.92174, 1830618931175637
1, -0.5738467, -0.5959441, 0.22998965, 1830618931175637
0, 4.272052, -13.117351, -2.686822, 1830618936180520
1, -0.5716244, -0.60074955, 0.22788672, 1830618936180520
0, 3.3218424, -11.876643, -3.5568852, 1830618941185402
1, -0.56941557, -0.60525715, 0.22576973, 1830618941185402
0, 2.3727846, -10.8216095, -3.5826275, 1830618946190285
1, -0.5673387, -0.6095829, 0.2239586, 1830618946190285
0, 1.7609475, -9.735388, -3.1348605, 1830618951164650
1, -0.5651431, -0.61388034, 0.22273709, 1830618951164650
0, 1.4178553, -8.314095, -3.0951562, 1830618956169533
1, -0.5633296, -0.61767393, 0.22161686, 1830618956169533
1, -0.56156236, -0.6213082, 0.22098953, 1830618961174416
0, 0.7302799, -6.715307, -2.9793448, 1830618961174416
1, -0.5598216, -0.6247571, 0.22087677, 1830618966179299
0, 0.6578915, -5.4958296, -2.4628396, 1830618966179299
1, -0.55780464, -0.62817895, 0.22131902, 1830618971153664
0, 0.83973384, -4.490329, -2.120562, 1830618971153664
1, -0.5559324, -0.6312135, 0.22189423, 1830618976158547
0, 0.89844227, -3.3428307, -1.9905596, 1830618976158547
0, 1.44699, -2.6801662, -1.358849, 1830618981163430
1, -0.55403006, -0.63403314, 0.22276016, 1830618981163430
1, -0.5519872, -0.63657415, 0.22373897, 1830618986168313
0, 1.816474, -2.3683538, -0.76097393, 1830618986168313
1, -0.5495226, -0.6392336, 0.22519693, 1830618991142678
0, 1.0529809, -1.2353182, -1.1414838, 1830618991142678
1, -0.5474676, -0.6415006, 0.22687253, 1830618996178078
0, 1.8239388, -0.5318308, -0.40002012, 1830618996178078
1, -0.5455059, -0.6435027, 0.2287786, 1830619001182961
0, 2.1253738, 0.34720707, 0.25279045, 1830619001182961
1, -0.5435846, -0.64526266, 0.23086652, 1830619006187844
0, 2.022634, 1.4131641, 0.5887418, 1830619006187844
1, -0.5414775, -0.64702487, 0.23334269, 1830619011192727
0, 2.0481877, 2.26363, 1.2102013, 1830619011192727
0, 1.8649278, 3.2141237, 1.7422924, 1830619016197609
1, -0.5396777, -0.6484195, 0.2358462, 1830619016197609
0, 1.5234959, 4.2403526, 2.168961, 1830619021202492
1, -0.53795344, -0.64967185, 0.23855771, 1830619021202492
1, -0.53632057, -0.6508244, 0.24147344, 1830619026207375
0, 1.1991718, 5.1289053, 2.4629726, 1830619026207375
1, -0.53473645, -0.65194887, 0.24466053, 1830619031181740
0, 0.5193925, 5.9179173, 2.7066426, 1830619031181740
1, -0.53326625, -0.65299314, 0.24811056, 1830619036156106
0, -0.25417733, 6.567049, 2.8928595, 1830619036156106
1, -0.5318689, -0.6539969, 0.25185704, 1830619041160988
0, -0.9370928, 7.028466, 3.196618, 1830619041160988
1, -0.5305378, -0.6549315, 0.25584736, 1830619046165871
0, -1.4516201, 7.25669, 3.6075497, 1830619046165871
1, -0.52916163, -0.65582484, 0.26008135, 1830619051140236
0, -2.1396804, 7.4240904, 3.9612265, 1830619051140236
