1, -0.6925458, -0.4869468, 0.035444357, 1830063363482961
0, -10.158154, 4.39474, 4.1198196, 1830063363482961
1, -0.6908278, -0.49089345, 0.038301554, 1830063368487843
0, -11.322295, 5.3894997, 4.5500154, 1830063368487843
1, -0.6894583, -0.49394742, 0.04089655, 1830063373492726
0, -12.023447, 6.376902, 4.5724754, 1830063373492726
1, -0.6884502, -0.49612966, 0.043122455, 1830063378497609
0, -12.227499, 7.4014063, 4.644988, 1830063378497609
1, -0.68782705, -0.497536, 0.044952426, 1830063383502492
0, -11.853619, 8.327686, 4.841828, 1830063383502492
1, -0.6874825, -0.49846512, 0.04657689, 1830063388507375
0, -10.95859, 8.994548, 5.302492, 1830063388507375
1, -0.68741435, -0.499011, 0.047999244, 1830063393512257
0, -9.992689, 9.511013, 6.100532, 1830063393512257
0, -9.01083, 10.060881, 7.3274198, 1830063398486623
1, -0.6875708, -0.49927807, 0.049278244, 1830063398486623
0, -7.986589, 10.654168, 8.905376, 1830063403491505
1, -0.68792015, -0.49925533, 0.050444767, 1830063403491505
0, -6.92596, 11.655088, 10.460651, 1830063408496388
1, -0.6881042, -0.4993098, 0.05177249, 1830063408496388
0, -6.3122687, 13.032888, 11.453549, 1830063413501271
1, -0.6881104, -0.49941313, 0.053281642, 1830063413501271
1, -0.6878928, -0.4994453, 0.054919906, 1830063418506154
0, -6.058388, 14.135443, 12.036276, 1830063418506154
1, -0.6875767, -0.49913016, 0.056431305, 1830063423511037
0, -6.551578, 15.010938, 11.816772, 1830063423511037
1, -0.68695694, -0.4988058, 0.058081634, 1830063428485402
0, -7.9708414, 15.661714, 10.45635, 1830063428485402
1, -0.6863856, -0.49813053, 0.059701152, 1830063433490285
0, -9.772587, 15.755282, 8.685923, 1830063433490285
0, -11.290997, 15.349515, 7.248132, 1830063438495168
1, -0.6860424, -0.4969888, 0.06130088, 1830063438495168
1, -0.686048, -0.49534345, 0.062852725, 1830063443500050
0, -12.888855, 14.604442, 5.5231934, 1830063443500050
0, -14.434126, 13.600457, 4.7384553, 1830063448474416
1, -0.68663436, -0.49282482, 0.06394704, 1830063448474416
1, -0.6877718, -0.48928192, 0.064504534, 1830063453479298
0, -15.235801, 12.786084, 5.098744, 1830063453479298
1, -0.68926775, -0.48475406, 0.06454809, 1830063458484181
0, -14.548834, 12.406454, 6.090309, 1830063458484181
0, -12.26473, 12.332598, 7.459822, 1830063463489064
1, -0.6908442, -0.47936156, 0.064038076, 1830063463489064
0, -9.203527, 12.25714, 8.810643, 1830063468493947
1, -0.69213873, -0.4733674, 0.06288453, 1830063468493947
0, -6.9120545, 11.778292, 9.659919, 1830063473498830
1, -0.69299746, -0.46687597, 0.060839225, 1830063473498830
1, -0.693392, -0.45993346, 0.0578434, 1830063478503712
0, -5.8024416, 10.847232, 10.060806, 1830063478503712
0, -5.325708, 9.676994, 10.149381, 1830063483508595
1, -0.693447, -0.45243895, 0.053907868, 1830063483508595
0, -5.0891457, 8.349655, 9.64625, 1830063488513478
1, -0.69307625, -0.44467968, 0.04946034, 1830063488513478
1, -0.6924484, -0.43661377, 0.044673976, 1830063493518361
0, -5.0782213, 6.557179, 8.665721, 1830063493518361
0, -4.8486056, 4.6397567, 7.5757556, 1830063498523244
1, -0.69168764, -0.42827514, 0.039708763, 1830063498523244
1, -0.6908648, -0.41988173, 0.034790706, 1830063503497609
0, -4.366229, 3.1233153, 6.0034776, 1830063503497609
0, -4.0771604, 1.999723, 3.0371761, 1830063508502492
1, -0.69008523, -0.41160604, 0.030048577, 1830063508502492
1, -0.68955684, -0.40382808, 0.025702363, 1830063513507375
0, -4.2980103, 0.54186106, -1.2403271, 1830063513507375
1, -0.6896008, -0.3971286, 0.022170044, 1830063518512257
0, -4.8436604, -1.419436, -7.3703313, 1830063518512257
1, -0.6902971, -0.3920831, 0.019799534, 1830063523517140
0, -4.329961, -3.2953568, -9.00363, 1830063523517140
1, -0.69144756, -0.38874227, 0.018273678, 1830063528522023
0, -2.9628763, -4.558921, -8.549509, 1830063528522023
1, -0.69287795, -0.38702086, 0.017060809, 1830063533526906
0, -1.0524025, -4.966358, -7.944169, 1830063533526906
1, -0.6945371, -0.38669136, 0.015619523, 1830063538501271
0, 1.4699454, -4.393546, -6.2828856, 1830063538501271
0, 4.4013987, -3.1813726, -3.1125028, 1830063543506154
1, -0.6964504, -0.38711086, 0.013265214, 1830063543506154
0, 6.523432, -1.7009506, 0.73416615, 1830063548511037
1, -0.6982036, -0.38791114, 0.009867207, 1830063548511037
0, 7.432441, 0.59142256, 2.9319546, 1830063553515920
1, -0.69972897, -0.3882252, 0.0048973993, 1830063553515920
1, -0.70101994, -0.38795, -0.0015675713, 1830063558520802
0, 7.0775075, 3.3857937, 1.6379516, 1830063558520802
0, 5.315025, 5.7954674, -0.9237602, 1830063563525685
1, -0.7024036, -0.3871431, -0.009360895, 1830063563525685
0, 4.111317, 7.1756, -0.64205337, 1830063568530568
1, -0.70424145, -0.3856483, -0.018559067, 1830063568530568
0, 3.005085, 6.770065, 4.5127864, 1830063573535451
1, -0.7062878, -0.3835309, -0.029111855, 1830063573535451
1, -0.7082109, -0.38064525, -0.04106009, 1830063578540334
0, 0.25337696, 3.8899531, 10.520096, 1830063578540334
0, -4.183589, -0.9773803, 17.978199, 1830063583514699
1, -0.7096605, -0.37676585, -0.054096576, 1830063583514699
1, -0.7102954, -0.37169445, -0.06766988, 1830063588519582
0, -9.696354, -6.735696, 21.62321, 1830063588519582
0, -18.289614, -14.926773, 14.634678, 1830063593524464
1, -0.71047676, -0.36499363, -0.08048954, 1830063593524464
0, -25.93924, -26.670761, -9.063755, 1830063598529347
1, -0.7117826, -0.35719684, -0.089812055, 1830063598529347
0, -23.22129, -31.813951, -35.159145, 1830063603534230
1, -0.7156444, -0.35239673, -0.09157621, 1830063603534230
1, -0.7204514, -0.3493861, -0.08855908, 1830063608539113
0, -6.9774365, -31.763031, 2.4505632, 1830063608539113
0, 6.2413225, -15.19092, 24.199923, 1830063613543996
1, -0.7230623, -0.34504166, -0.08735679, 1830063613543996
0, 15.111497, 0.8666425, 1.88255, 1830063618548879
1, -0.7236074, -0.34066847, -0.08853925, 1830063618548879
0, 18.7189, 6.1578984, -16.302807, 1830063623523244
1, -0.7237773, -0.33863425, -0.09013477, 1830063623523244
0, 14.647822, 5.7490087, -5.8306828, 1830063628528127
1, -0.7241799, -0.33800626, -0.09221645, 1830063628528127
0, 5.4633393, 5.0171447, 6.9659467, 1830063633533009
1, -0.7244004, -0.33702153, -0.09497993, 1830063633533009
1, -0.72472304, -0.33496433, -0.097967885, 1830063638537892
0, -1.9116583, 2.2282734, 3.9641135, 1830063638537892
0, -6.871244, -3.075759, 1.7758315, 1830063643548048
1, -0.7255721, -0.33088106, -0.10103368, 1830063643548048
0, -9.485007, -8.410938, 3.434121, 1830063648522413
1, -0.72674197, -0.32452676, -0.10332017, 1830063648522413
0, -8.949425, -11.394069, 3.8278646, 1830063653527296
1, -0.72778636, -0.31682518, -0.10362548, 1830063653527296
0, -7.045635, -11.1207695, 3.4682722, 1830063658532179
1, -0.72869194, -0.30868742, -0.10151749, 1830063658532179
0, -6.743301, -10.7223625, 4.203855, 1830063663506544
1, -0.7296383, -0.29990813, -0.09758683, 1830063663506544
1, -0.7306119, -0.2897191, -0.092740946, 1830063668511427
0, -6.2392774, -10.62668, 3.7330105, 1830063668511427
0, -4.62219, -10.360457, 1.7117126, 1830063673516310
1, -0.73152786, -0.27801707, -0.08770486, 1830063673516310
1, -0.7323553, -0.26518998, -0.0827894, 1830063678521193
0, -2.7915168, -9.96651, -0.23182821, 1830063678521193
0, -0.9967594, -10.374459, -0.3971547, 1830063683526075
1, -0.73296696, -0.25175145, -0.07821019, 1830063683526075
0, 1.2005193, -12.012983, 1.0344037, 1830063688530958
1, -0.73319685, -0.23816675, -0.074077904, 1830063688530958
0, 3.8520615, -13.973347, 2.107083, 1830063693535841
1, -0.7329328, -0.22509031, -0.07008592, 1830063693535841
1, -0.7319848, -0.21319787, -0.06575984, 1830063698540724
0, 6.5924377, -15.308221, 3.3539252, 1830063698540724
0, 9.640364, -16.514534, 5.2816534, 1830063703545607
1, -0.72999644, -0.2029536, -0.060706068, 1830063703545607
1, -0.72678006, -0.19380881, -0.05545894, 1830063708550489
0, 13.254308, -18.031342, 7.249424, 1830063708550489
0, 16.778717, -18.954277, 7.152622, 1830063713555372
1, -0.7222038, -0.18540743, -0.050424296, 1830063713555372
1, -0.71649307, -0.17752634, -0.046012256, 1830063718529737
0, 20.798067, -18.840855, 3.5374284, 1830063718529737
0, 25.124956, -16.761803, -4.3347325, 1830063723534620
1, -0.710182, -0.17033648, -0.042267237, 1830063723534620
1, -0.70408714, -0.16446254, -0.03913038, 1830063728539503
0, 27.547564, -12.598871, -10.244101, 1830063728539503
0, 25.57927, -8.133785, -10.804134, 1830063733544386
1, -0.69860595, -0.16000484, -0.03646596, 1830063733544386
0, 20.949373, -4.408966, -8.570503, 1830063738549269
1, -0.6937493, -0.15644957, -0.034279156, 1830063738549269
0, 15.071501, -1.9938879, -6.025045, 1830063743523634
1, -0.68940747, -0.1533069, -0.03234249, 1830063743523634
1, -0.6854238, -0.1501269, -0.03037672, 1830063748528517
0, 9.673238, -0.76635456, -4.309616, 1830063748528517
0, 5.72171, 0.17154121, -3.9031026, 1830063753533400
1, -0.6818107, -0.14684956, -0.0280638, 1830063753533400
1, -0.6786255, -0.14358397, -0.02521871, 1830063758538282
0, 3.4955237, 1.3042688, -4.425145, 1830063758538282
1, -0.6759568, -0.14041841, -0.021881385, 1830063763543165
0, 2.1524706, 2.2874527, -5.0063167, 1830063763543165
1, -0.6738114, -0.13742982, -0.018129973, 1830063768517530
0, 1.2232332, 2.470745, -5.2297006, 1830063768517530
0, 1.2003534, 2.407669, -5.2398944, 1830063773552931
1, -0.67209005, -0.13451043, -0.014092946, 1830063773552931
1, -0.6707198, -0.13183887, -0.009789788, 1830063778557814
0, 1.1235096, 3.2912798, -4.8416657, 1830063778557814
0, 1.0027242, 4.405447, -3.7847855, 1830063783562696
1, -0.6695737, -0.12938301, -0.0051956275, 1830063783562696
0, 1.2777294, 5.270914, -3.2029557, 1830063788567579
1, -0.6684772, -0.1273495, -2.9782677E-4, 1830063788567579
1, -0.6673657, -0.12550597, 0.0043679257, 1830063793541944
0, 1.4010724, 6.092679, -3.041637, 1830063793541944
1, -0.6660849, -0.12405063, 0.008911357, 1830063798546827
0, 1.3902054, 7.083173, -3.2487938, 1830063798546827
0, 0.5466832, 7.63918, -3.4666276, 1830063803551710
1, -0.6646026, -0.12289475, 0.01311801, 1830063803551710
0, -0.6393813, 7.4242687, -3.7976246, 1830063808556593
1, -0.6628928, -0.121778056, 0.016859634, 1830063808556593
1, -0.6609506, -0.12070571, 0.020321632, 1830063813561476
0, -1.7131958, 6.822338, -4.5770674, 1830063813561476
1, -0.65883523, -0.119555406, 0.02349577, 1830063818566359
0, -2.7352743, 6.2838364, -5.159936, 1830063818566359
0, -3.3314948, 5.8713083, -5.4766216, 1830063823571241
1, -0.65663344, -0.118388124, 0.026476981, 1830063823571241
0, -3.9687328, 5.8648605, -5.855604, 1830063828545607
1, -0.6545044, -0.11724935, 0.029274667, 1830063828545607
1, -0.6525541, -0.11638748, 0.032252498, 1830063833550489
0, -4.011102, 6.14767, -6.149464, 1830063833550489
0, -2.7422092, 6.9759693, -6.2505326, 1830063838555372
1, -0.650935, -0.11600032, 0.035448942, 1830063838555372
0, -0.26919794, 7.8663464, -5.8280735, 1830063843560255
1, -0.6497188, -0.11633257, 0.038792748, 1830063843560255
0, 2.3811574, 8.586516, -4.382427, 1830063848565138
1, -0.64889085, -0.11732542, 0.04186896, 1830063848565138
0, 4.1520267, 9.533139, -2.3265607, 1830063853570021
1, -0.64829165, -0.11906537, 0.044716828, 1830063853570021
0, 4.8685203, 10.657551, -0.5015714, 1830063858574903
1, -0.6477936, -0.12101046, 0.046931535, 1830063858574903
0, 5.038635, 11.564434, 0.29772365, 1830063863579786
1, -0.64725935, -0.12287756, 0.048447814, 1830063863579786
0, 5.3116875, 12.301602, 0.19680262, 1830063868554152
1, -0.6466232, -0.12471919, 0.049377833, 1830063868554152
0, 4.6673346, 13.031687, 0.05549991, 1830063873559034
1, -0.6458987, -0.12651587, 0.0496567, 1830063873559034
0, 3.6400812, 13.343227, 0.14078164, 1830063878563917
1, -0.6450192, -0.1283806, 0.049477976, 1830063878563917
0, 2.4013839, 13.492456, -0.25222564, 1830063883568800
1, -0.6439411, -0.13031843, 0.04897208, 1830063883568800
0, 1.0634158, 13.458201, -1.237975, 1830063888573683
1, -0.64269453, -0.13227132, 0.04822836, 1830063888573683
0, -0.1394347, 12.999587, -2.6636505, 1830063893578566
1, -0.64136297, -0.13422626, 0.047389347, 1830063893578566
1, -0.64008313, -0.13617828, 0.0465296, 1830063898583448
0, -1.0524895, 12.67266, -3.999202, 1830063898583448
0, -1.5152588, 12.351201, -5.2120123, 1830063903557814
1, -0.6389978, -0.13821916, 0.04572354, 1830063903557814
0, -1.5866312, 11.770204, -6.214855, 1830063908562696
1, -0.6382082, -0.14055243, 0.045064937, 1830063908562696
0, -1.5542291, 11.138472, -6.610333, 1830063913567579
1, -0.6378255, -0.14312245, 0.044436295, 1830063913567579
0, -1.5982696, 10.599524, -6.1017466, 1830063918572462
1, -0.6378182, -0.14603887, 0.04391218, 1830063918572462
1, -0.6380699, -0.14943002, 0.0435743, 1830063923577345
0, -1.688704, 10.02131, -4.789256, 1830063923577345
1, -0.6384986, -0.15322442, 0.043487158, 1830063928582228
0, -2.496603, 9.807641, -3.7117062, 1830063928582228
1, -0.6391287, -0.15697694, 0.04335391, 1830063933587110
0, -2.8653846, 9.678507, -2.7632172, 1830063933587110
1, -0.6399438, -0.16057034, 0.043162744, 1830063938561476
0, -3.3227825, 9.327672, -2.1388865, 1830063938561476
0, -3.210494, 9.310272, -1.7641946, 1830063943566359
1, -0.6409676, -0.16396146, 0.0428471, 1830063943566359
0, -2.643499, 9.055963, -1.2308793, 1830063948571241
1, -0.6419374, -0.1676102, 0.042789668, 1830063948571241
0, -2.0914767, 8.84414, -0.7790178, 1830063953576124
1, -0.6428447, -0.1714293, 0.042661272, 1830063953576124
0, -1.8881364, 8.624399, -0.46401453, 1830063958581007
1, -0.64373076, -0.175567, 0.042531285, 1830063958581007
0, -1.7441051, 8.16476, -0.07146871, 1830063963585890
1, -0.6446363, -0.18005954, 0.042397484, 1830063963585890
0, -1.8025091, 7.494402, -0.07483584, 1830063968590773
1, -0.6456353, -0.18506016, 0.042436145, 1830063968590773
1, -0.64702547, -0.19010922, 0.042156402, 1830063973565138
0, -1.9257612, 6.4562063, 0.15972674, 1830063973565138
0, -1.7052157, 5.0508184, 1.0187764, 1830063978570021
1, -0.64896655, -0.19548586, 0.041739084, 1830063978570021
0, -1.1128879, 3.2949905, 2.9417715, 1830063983574903
1, -0.65151525, -0.2011403, 0.04104141, 1830063983574903
0, -0.39772534, 1.2258558, 5.0525594, 1830063988579786
1, -0.65450877, -0.20693253, 0.039779756, 1830063988579786
1, -0.6575672, -0.2128314, 0.03787371, 1830063993584669
0, 0.9503138, -1.2893562, 6.073018, 1830063993584669
0, 3.0319345, -3.951542, 5.4640503, 1830063998589552
1, -0.66032994, -0.21925934, 0.035887294, 1830063998589552
0, 5.9044085, -6.341218, 2.3644042, 1830064003594435
1, -0.662699, -0.22709964, 0.034866057, 1830064003594435
0, 10.9476185, -10.596285, -4.2904315, 1830064008568800
1, -0.6648686, -0.23739494, 0.035600055, 1830064008568800
0, 17.665617, -17.695942, -9.875034, 1830064013573683
1, -0.66726893, -0.2506763, 0.037571326, 1830064013573683
0, 21.742258, -23.450487, -4.9185705, 1830064018578566
1, -0.6695477, -0.26578927, 0.039120197, 1830064018578566
0, 20.983868, -30.36473, -0.3876137, 1830064023583448
1, -0.6713015, -0.28073978, 0.03859051, 1830064023583448
1, -0.6730097, -0.29397088, 0.03529884, 1830064028588331
0, 14.138998, -30.401997, -2.2736492, 1830064028588331
1, -0.6754577, -0.30347148, 0.028915688, 1830064033593214
0, 4.3782578, -30.447247, -3.127322, 1830064033593214
1, -0.67876065, -0.30883628, 0.020053813, 1830064038598097
0, -2.4275284, -30.493313, -3.6297731, 1830064038598097
1, -0.6828118, -0.31119764, 0.009496008, 1830064043602980
0, -4.7937784, -30.538887, -5.3480563, 1830064043602980
0, -6.35246, -30.58496, -5.479295, 1830064048577345
1, -0.6873483, -0.31193325, -0.0016903519, 1830064048577345
1, -0.69227725, -0.31156597, -0.012631395, 1830064053582228
0, -8.572493, -30.630093, -0.7733295, 1830064053582228
1, -0.6967676, -0.31226346, -0.02041507, 1830064058587110
0, -9.680606, -28.579163, 5.873931, 1830064058587110
1, -0.70026535, -0.31653452, -0.023028163, 1830064063591993
0, -6.5109286, -23.800934, 7.7859836, 1830064063591993
0, -1.7748404, -18.949093, 2.5204365, 1830064068596876
1, -0.7028961, -0.3248896, -0.021302475, 1830064068596876
1, -0.70530117, -0.33494514, -0.01864813, 1830064073601759
0, 3.3417044, -15.269788, -3.3025208, 1830064073601759
0, 7.2648716, -12.716577, -5.2169724, 1830064078606642
1, -0.70753163, -0.3448991, -0.017119769, 1830064078606642
0, 13.054497, -10.766313, -5.8447285, 1830064083611525
1, -0.7092623, -0.35485873, -0.016395498, 1830064083611525
0, 16.830482, -10.53533, -6.596922, 1830064088585890
1, -0.71057576, -0.36491844, -0.01616863, 1830064088585890
0, 16.077925, -11.894166, -4.357958, 1830064093590773
1, -0.7115207, -0.37441632, -0.016930861, 1830064093590773
0, 15.204437, -14.168718, -2.8793106, 1830064098595655
1, -0.71196675, -0.3833213, -0.018171817, 1830064098595655
0, 14.250249, -15.789591, -1.4381931, 1830064103600538
1, -0.7118323, -0.39213976, -0.018899662, 1830064103600538
0, 14.28166, -15.242723, -0.4172268, 1830064108574903
1, -0.71091455, -0.40130225, -0.018575806, 1830064108574903
1, -0.70933396, -0.41089508, -0.017388592, 1830064113579786
0, 13.971111, -12.943768, 0.044451714, 1830064113579786
1, -0.707208, -0.42084375, -0.015423268, 1830064118584669
0, 12.039295, -9.531631, 0.92537713, 1830064118584669
1, -0.7046553, -0.43096757, -0.012701181, 1830064123589552
0, 10.362682, -6.623165, 2.6931176, 1830064123589552
1, -0.70166063, -0.44142044, -0.008894467, 1830064128594435
0, 7.5658092, -4.4965887, 3.9855223, 1830064128594435
1, -0.69863033, -0.45146647, -0.0045338664, 1830064133599318
0, 3.8645449, -2.1932993, 4.508852, 1830064133599318
1, -0.6956385, -0.4607126, 4.0532275E-5, 1830064138604200
0, 0.17515516, 0.04664612, 4.348493, 1830064138604200
1, -0.69278383, -0.46892843, 0.004599154, 1830064143609083
0, -3.0452251, 1.7813287, 4.206066, 1830064143609083
1, -0.6901402, -0.4761415, 0.009117611, 1830064148613966
0, -6.079691, 3.4675903, 3.9753785, 1830064148613966
1, -0.687791, -0.48234266, 0.013541135, 1830064153588331
0, -8.972054, 4.96864, 3.6265545, 1830064153588331
1, -0.68580395, -0.48757717, 0.017808212, 1830064158593214
0, -11.048239, 6.2476764, 3.5017323, 1830064158593214
1, -0.68421316, -0.4919366, 0.021812243, 1830064163598097
0, -12.211979, 7.688273, 3.5862818, 1830064163598097
1, -0.6830084, -0.49558926, 0.025534445, 1830064168602980
0, -12.64422, 8.848334, 3.8829484, 1830064168602980
1, -0.68223405, -0.49859184, 0.028917141, 1830064173607862
0, -12.597195, 9.480255, 4.55915, 1830064173607862
1, -0.68187517, -0.50108105, 0.031921882, 1830064178612745
0, -12.220636, 9.915237, 5.222, 1830064178612745
1, -0.6818657, -0.5031766, 0.034548525, 1830064183617628
0, -11.209261, 10.296038, 6.4848895, 1830064183617628
1, -0.68217754, -0.5048432, 0.036763385, 1830064188591993
0, -9.944476, 10.783096, 8.384416, 1830064188591993
1, -0.68243223, -0.50644356, 0.03887987, 1830064193596876
0, -8.769585, 11.559101, 10.469667, 1830064193596876
1, -0.6825586, -0.5077908, 0.040824633, 1830064198601759
0, -8.0071745, 12.475121, 12.380564, 1830064198601759
1, -0.6824251, -0.508813, 0.04265167, 1830064203606642
0, -8.012735, 13.265361, 13.695621, 1830064203606642
1, -0.6822192, -0.5091327, 0.04416195, 1830064208611525
0, -8.918215, 13.974528, 13.849848, 1830064208611525
0, -10.554164, 14.522153, 12.885141, 1830064213616407
1, -0.6816721, -0.50915605, 0.045779128, 1830064213616407
1, -0.6811507, -0.50856394, 0.04732646, 1830064218621290
0, -11.972616, 14.506357, 11.241215, 1830064218621290
1, -0.68075496, -0.50740916, 0.048811447, 1830064223626173
0, -12.782162, 14.050807, 9.5638275, 1830064223626173
0, -13.777977, 13.580709, 7.8325562, 1830064228631056
1, -0.68068874, -0.505593, 0.050169937, 1830064228631056
0, -14.727731, 13.135675, 6.3361635, 1830064233605421
1, -0.68091047, -0.50324285, 0.051441055, 1830064233605421
1, -0.6816099, -0.5000415, 0.052396003, 1830064238610304
0, -15.143153, 12.546049, 5.6483035, 1830064238610304
0, -14.676891, 12.136773, 5.7195315, 1830064243615187
1, -0.6827135, -0.49598977, 0.052923653, 1830064243615187
1, -0.6841124, -0.49098557, 0.05281096, 1830064248620069
0, -12.679224, 12.053978, 6.399642, 1830064248620069
0, -9.536952, 12.22223, 7.287093, 1830064253624952
1, -0.6852896, -0.48549232, 0.052117113, 1830064253624952
1, -0.6860488, -0.47963673, 0.050678004, 1830064258629835
0, -7.0332212, 12.3236265, 8.226034, 1830064258629835
0, -5.948527, 12.01376, 8.931505, 1830064263634718
1, -0.68632734, -0.47336018, 0.048471015, 1830064263634718
0, -5.8940163, 11.277081, 9.039806, 1830064268609083
1, -0.68638355, -0.4662701, 0.0453672, 1830064268609083
0, -5.9748197, 10.304607, 8.627633, 1830064273613966
1, -0.68591124, -0.45877883, 0.04195475, 1830064273613966
0, -5.970487, 9.144524, 7.921941, 1830064278618849
1, -0.68519306, -0.4506782, 0.03824423, 1830064278618849
0, -5.779172, 7.9878683, 6.8678427, 1830064283623732
1, -0.68436456, -0.44201934, 0.034358192, 1830064283623732
0, -5.2623773, 7.0512886, 5.6615915, 1830064288628614
1, -0.6835981, -0.4327924, 0.030255616, 1830064288628614
0, -4.402774, 6.2515383, 4.323202, 1830064293633497
1, -0.682783, -0.42349932, 0.026234902, 1830064293633497
0, -4.054331, 5.376044, 2.041566, 1830064298638380
1, -0.6820944, -0.41435364, 0.022340056, 1830064298638380
0, -4.302502, 4.250872, -1.8654499, 1830064303643263
1, -0.6817106, -0.40571675, 0.018741356, 1830064303643263
0, -4.73791, 2.7862887, -7.11753, 1830064308648146
1, -0.6819803, -0.39800888, 0.015716892, 1830064308648146
0, -4.2009883, 1.2108717, -9.256536, 1830064313622511
1, -0.68281287, -0.39212242, 0.013973633, 1830064313622511
1, -0.6839535, -0.3877252, 0.013072396, 1830064318627394
0, -2.2098083, 0.15169191, -6.585763, 1830064318627394
0, 0.0100774765, -0.32963228, -3.001179, 1830064323632277
1, -0.6849993, -0.38438323, 0.012339477, 1830064323632277
0, 2.4050236, -0.18181086, -1.2569962, 1830064328606642
1, -0.6858935, -0.38182902, 0.011237526, 1830064328606642
0, 5.1029778, 0.019181728, -0.5130029, 1830064333611525
1, -0.68661356, -0.3804399, 0.009914745, 1830064333611525
0, 7.2913356, 0.008964062, -0.25940514, 1830064338616407
1, -0.6871698, -0.38036588, 0.008383083, 1830064338616407
0, 7.7567954, 0.326437, -0.58045197, 1830064343621290
1, -0.68757564, -0.38123408, 0.006427522, 1830064343621290
0, 7.3922906, 1.5501933, -1.1727407, 1830064348626173
1, -0.68797004, -0.38225847, 0.003650334, 1830064348626173
0, 6.9728036, 3.1952968, -1.7692828, 1830064353631056
1, -0.6883292, -0.38324252, 6.074226E-5, 1830064353631056
0, 6.164337, 4.473464, -4.118456, 1830064358635939
1, -0.6889286, -0.3841389, -0.0044240085, 1830064358635939
0, 5.1572785, 4.800034, -6.4556556, 1830064363640821
1, -0.6901404, -0.3852715, -0.009734901, 1830064363640821
1, -0.6922871, -0.38614327, -0.016450966, 1830064368645704
0, 3.1698909, 3.2415166, -3.5555243, 1830064368645704
1, -0.6949084, -0.38599545, -0.024642384, 1830064373620069
0, -1.71632, -0.81010294, 7.407833, 1830064373620069
1, -0.697675, -0.38399303, -0.03425861, 1830064378624952
0, -8.585821, -6.210871, 15.958686, 1830064378624952
0, -17.041546, -13.097515, 16.878937, 1830064383629835
1, -0.70042145, -0.37993783, -0.04446691, 1830064383629835
0, -24.587889, -23.146713, 2.1743262, 1830064388634718
1, -0.70385766, -0.3741393, -0.053556975, 1830064388634718
0, -27.61959, -31.708496, -21.851585, 1830064393639601
1, -0.709311, -0.36851856, -0.058716774, 1830064393639601
0, -19.429861, -31.686634, -22.41182, 1830064398644484
1, -0.71613157, -0.3656892, -0.05793116, 1830064398644484
0, -2.5312219, -31.653126, 15.46495, 1830064403649366
1, -0.7217559, -0.36302808, -0.0555644, 1830064403649366
1, -0.723821, -0.35827413, -0.056875456, 1830064408654249
0, 8.379155, -9.139513, 39.905945, 1830064408654249
1, -0.7228638, -0.35207623, -0.060777783, 1830064413628614
0, 11.855397, 6.7715235, 22.1043, 1830064413628614
0, 14.140274, 11.756428, -4.856287, 1830064418633497
1, -0.7209342, -0.34608245, -0.06576447, 1830064418633497
0, 13.278755, 11.911195, -8.268996, 1830064423638380
1, -0.7193264, -0.3412256, -0.071382724, 1830064423638380
0, 8.099236, 9.7223015, 0.74397016, 1830064428643263
1, -0.71786803, -0.33792707, -0.07671229, 1830064428643263
1, -0.71687984, -0.33495, -0.08211726, 1830064433648146
0, 1.524251, 4.771687, 2.5102134, 1830064433648146
1, -0.71626174, -0.33136335, -0.08749093, 1830064438653028
0, -3.4891787, 0.31881714, 3.0129864, 1830064438653028
1, -0.7158334, -0.32652706, -0.092147514, 1830064443657911
0, -7.664368, -1.9167018, 6.2806034, 1830064443657911
1, -0.7155447, -0.31984133, -0.09508556, 1830064448662794
0, -12.829725, -4.856777, 10.327662, 1830064448662794
1, -0.7154153, -0.31129348, -0.095267855, 1830064453667677
0, -15.188753, -9.593581, 9.485266, 1830064453667677
1, -0.71537095, -0.30157837, -0.09262201, 1830064458642042
0, -12.110102, -11.191923, 6.162585, 1830064458642042
1, -0.7153616, -0.29101086, -0.08800198, 1830064463646925
0, -7.3030133, -12.181667, 2.5415688, 1830064463646925
1, -0.7154921, -0.27988338, -0.08220235, 1830064468651808
0, -3.5705905, -14.461574, -2.6207213, 1830064468651808
1, -0.71585137, -0.26857865, -0.07558741, 1830064473656691
0, -0.3591013, -16.59108, -5.266755, 1830064473656691
1, -0.7162264, -0.25704065, -0.068963975, 1830064478661573
0, 2.3341026, -17.889862, -2.9682012, 1830064478661573
1, -0.7161193, -0.24550024, -0.06291883, 1830064483666456
0, 4.5744557, -17.977785, -0.44578183, 1830064483666456
1, -0.71537244, -0.23411106, -0.05767188, 1830064488640821
0, 5.77509, -18.051323, 1.1769749, 1830064488640821
1, -0.71402663, -0.22278807, -0.052981324, 1830064493645704
0, 7.3020267, -18.856632, 1.7782257, 1830064493645704
1, -0.7118804, -0.21223015, -0.048062477, 1830064498650587
0, 10.140894, -19.635756, 1.7196064, 1830064498650587
1, -0.70887643, -0.20228481, -0.043026656, 1830064503655470
0, 13.573168, -20.627647, 2.7213027, 1830064503655470
1, -0.70487416, -0.19289252, -0.038107447, 1830064508660353
0, 17.098331, -20.481857, 3.7033095, 1830064508660353
1, -0.69997066, -0.18409388, -0.03370519, 1830064513665235
0, 20.632324, -18.632889, 2.534841, 1830064513665235
1, -0.6944702, -0.17645693, -0.029826589, 1830064518639601
0, 23.055676, -15.736159, -0.8609326, 1830064518639601
1, -0.6887885, -0.17005889, -0.026531545, 1830064523644484
0, 23.632484, -11.659573, -6.243137, 1830064523644484
1, -0.68353164, -0.16525559, -0.023566304, 1830064528649366
0, 21.663248, -7.540162, -11.412797, 1830064528649366
1, -0.6790098, -0.16178581, -0.020693345, 1830064533654249
0, 16.91423, -5.6348486, -11.989964, 1830064533654249
1, -0.6752438, -0.15865572, -0.017929519, 1830064538659132
0, 10.615831, -5.310096, -9.953718, 1830064538659132
1, -0.6719982, -0.15522315, -0.0150390575, 1830064543664015
0, 6.118575, -5.1276817, -7.3758354, 1830064543664015
1, -0.66915715, -0.1515927, -0.011698376, 1830064548638380
0, 3.7864664, -4.308875, -6.2722116, 1830064548638380
0, 2.40001, -3.3731709, -5.6199636, 1830064553643263
1, -0.66675824, -0.14769107, -0.008047305, 1830064553643263
1, -0.66489226, -0.14334308, -0.0045997845, 1830064558648146
0, 1.7850821, -2.7660522, -5.3506823, 1830064558648146
0, 1.6004725, -2.1048832, -6.399558, 1830064563653028
1, -0.6636118, -0.13888417, -0.0012917423, 1830064563653028
1, -0.662919, -0.13455105, 0.0020025647, 1830064568657911
0, 1.3417482, -1.1361475, -6.3591213, 1830064568657911
0, 1.8176755, -0.029874802, -5.249436, 1830064573662794
1, -0.6626538, -0.13052337, 0.005478861, 1830064573662794
0, 2.796732, 1.8805447, -4.292653, 1830064578667677
1, -0.66262263, -0.12712112, 0.009385394, 1830064578667677
0, 3.0694964, 3.643879, -3.347093, 1830064583672560
1, -0.6627249, -0.124017134, 0.013182016, 1830064583672560
0, 2.514858, 4.800518, -2.778618, 1830064588677443
1, -0.6628315, -0.121035755, 0.016608335, 1830064588677443
0, 1.665162, 5.8199835, -2.964146, 1830064593682325
1, -0.662914, -0.118116826, 0.019673077, 1830064593682325
0, 1.2526251, 6.724083, -2.8299165, 1830064598656691
1, -0.66289115, -0.115460455, 0.022584563, 1830064598656691
0, 1.2291616, 7.7902203, -1.9344862, 1830064603661573
1, -0.6626268, -0.11299938, 0.025281481, 1830064603661573
1, -0.6619048, -0.110827215, 0.027782904, 1830064608666456
0, 0.5444976, 8.98165, -0.81209165, 1830064608666456
0, 0.028956175, 10.082631, -0.5002011, 1830064613671339
1, -0.6606248, -0.10879843, 0.029915469, 1830064613671339
1, -0.6587417, -0.107307434, 0.032265145, 1830064618676222
0, -1.0889786, 10.6246195, -1.0245848, 1830064618676222
0, -2.3695416, 10.577908, -2.2067323, 1830064623681105
1, -0.6564719, -0.10592937, 0.03465163, 1830064623681105
1, -0.654028, -0.10479483, 0.037285343, 1830064628685987
0, -2.4778142, 10.580134, -3.7006354, 1830064628685987
0, -1.9870832, 10.997802, -5.0597663, 1830064633690870
1, -0.651644, -0.10391897, 0.040054966, 1830064633690870
0, 0.2793255, 11.551231, -5.982691, 1830064638695753
1, -0.6494422, -0.10369702, 0.043094546, 1830064638695753
0, 3.2687287, 11.922429, -6.501733, 1830064643700636
1, -0.6475374, -0.10434855, 0.046122678, 1830064643700636
0, 5.297145, 11.774674, -6.2487764, 1830064648675001
1, -0.6460193, -0.1058101, 0.04878831, 1830064648675001
0, 6.3019085, 11.352817, -5.368086, 1830064653679884
1, -0.6449193, -0.10775924, 0.05086795, 1830064653679884
0, 6.5017047, 11.082908, -4.256463, 1830064658684767
1, -0.6441844, -0.110070586, 0.0524763, 1830064658684767
1, -0.64371145, -0.11259878, 0.053624973, 1830064663689650
0, 6.4037895, 11.007483, -3.2641988, 1830064663689650
0, 6.040499, 11.102063, -2.3100462, 1830064668664015
1, -0.643397, -0.115322895, 0.054403573, 1830064668664015
1, -0.6430642, -0.11838582, 0.054986987, 1830064673668898
0, 5.7251973, 11.279753, -1.0911793, 1830064673668898
1, -0.6425585, -0.121738605, 0.055363428, 1830064678673780
0, 5.292823, 11.487177, -0.0137012005, 1830064678673780
0, 4.2768807, 11.6043215, 0.24438441, 1830064683678663
1, -0.6417946, -0.12518606, 0.05555736, 1830064683678663
1, -0.640777, -0.1285443, 0.055585682, 1830064688683546
0, 3.1972642, 11.471055, -0.35116875, 1830064688683546
0, 2.1025255, 11.147859, -1.36181, 1830064693688429
1, -0.6396321, -0.13176371, 0.055416845, 1830064693688429
1, -0.63849837, -0.13512218, 0.055344943, 1830064698693312
0, 1.0646601, 10.692972, -2.7828257, 1830064698693312
1, -0.6375463, -0.13873023, 0.0554232, 1830064703698194
0, 0.30845344, 10.358349, -4.1258655, 1830064703698194
1, -0.63692355, -0.14266181, 0.055708036, 1830064708672560
0, -0.16355515, 9.898259, -5.212191, 1830064708672560
0, -0.3209586, 9.363343, -5.762528, 1830064713677443
1, -0.6366582, -0.14707133, 0.05629813, 1830064713677443
0, -0.8429495, 9.059686, -5.304239, 1830064718682325
1, -0.6367539, -0.15165456, 0.056903705, 1830064718682325
0, -1.7327702, 8.8504095, -4.135284, 1830064723687208
1, -0.6370903, -0.15630375, 0.057554036, 1830064723687208
0, -2.3197818, 8.424205, -2.7638779, 1830064728692091
1, -0.63754934, -0.16097994, 0.058262236, 1830064728692091
0, -3.6249278, 8.147017, -1.4258974, 1830064733666456
1, -0.63810676, -0.16556558, 0.05901226, 1830064733666456
0, -4.5007753, 8.021253, -0.08785677, 1830064738671339
1, -0.6387178, -0.17023245, 0.060052957, 1830064738671339
0, -4.6887836, 7.8936377, 1.1267043, 1830064743676222
1, -0.63932115, -0.17497726, 0.06139405, 1830064743676222
1, -0.6398634, -0.1798008, 0.062911674, 1830064748681105
0, -4.39661, 7.596304, 1.6203872, 1830064748681105
0, -3.5973673, 7.4494314, 1.0475768, 1830064753685987
1, -0.64028555, -0.18477625, 0.064548105, 1830064753685987
0, -2.6453297, 7.2442846, -0.6559843, 1830064758660353
1, -0.64058703, -0.18994714, 0.06615705, 1830064758660353
1, -0.64106065, -0.1954547, 0.06764369, 1830064763695753
0, -2.2365081, 6.7348995, -2.8932292, 1830064763695753
1, -0.64232785, -0.20114191, 0.06882336, 1830064768700636
0, -2.3132505, 5.562067, -6.234612, 1830064768700636
0, -1.7770671, 4.1604977, -6.3316593, 1830064773705519
1, -0.64489186, -0.20706336, 0.069511704, 1830064773705519
1, -0.64863795, -0.21307155, 0.069337904, 1830064778710402
0, -0.59255457, 2.7321644, -2.182258, 1830064778710402
1, -0.65303123, -0.21901885, 0.06813277, 1830064783684767
0, 0.6557951, 1.0542259, 2.0940292, 1830064783684767
1, -0.6574896, -0.22460702, 0.06561224, 1830064788689650
0, 1.9745948, -0.7847004, 4.984564, 1830064788689650
0, 4.455571, -2.9856548, 5.675052, 1830064793694532
1, -0.6613269, -0.22981803, 0.062090907, 1830064793694532
0, 8.163626, -5.446886, 2.6444428, 1830064798699415
1, -0.66402036, -0.2358139, 0.05892813, 1830064798699415
1, -0.66583616, -0.24413799, 0.056945153, 1830064803704298
0, 12.788151, -9.469835, -4.014606, 1830064803704298
1, -0.66741514, -0.2557788, 0.055999488, 1830064808709181
0, 17.383537, -16.268578, -8.868363, 1830064808709181
1, -0.66903466, -0.2698763, 0.05501978, 1830064813683546
0, 17.74353, -21.795588, -6.945715, 1830064813683546
1, -0.67099583, -0.28422084, 0.05244798, 1830064818688429
0, 12.4122, -24.18482, -2.441174, 1830064818688429
0, 3.3874457, -26.11425, -1.7850828, 1830064823693312
1, -0.6738098, -0.29636976, 0.047569048, 1830064823693312
0, -4.066495, -28.580948, -3.8138344, 1830064828698194
1, -0.67789125, -0.30522063, 0.04090819, 1830064828698194
1, -0.6830407, -0.3110859, 0.033292744, 1830064833703077
0, -6.067292, -30.487125, -3.364843, 1830064833703077
1, -0.68873376, -0.31487146, 0.025157977, 1830064838707960
0, -6.0008984, -30.52905, -0.90945256, 1830064838707960
1, -0.69453, -0.31764334, 0.017086959, 1830064843712843
0, -5.7698965, -30.571732, 0.8642005, 1830064843712843
1, -0.70035434, -0.31992602, 0.009564393, 1830064848687208
0, -5.048133, -30.61427, 0.80867183, 1830064848687208
0, -4.067477, -29.26581, 3.8431926, 1830064853692091
1, -0.70595294, -0.3224503, 0.0033440844, 1830064853692091
1, -0.71097535, -0.32604188, -4.8259596E-4, 1830064858696974
0, -3.0271852, -25.99775, 6.479534, 1830064858696974
1, -0.71502197, -0.33150533, -0.0011788256, 1830064863701857
0, -0.5378103, -23.511272, 6.99828, 1830064863701857
1, -0.7181429, -0.33892035, 8.0383994E-4, 1830064868706739
0, 2.7633524, -20.742382, 3.6024122, 1830064868706739
0, 7.45043, -17.736462, -0.6569705, 1830064873711622
1, -0.7205696, -0.34740055, 0.0036634342, 1830064873711622
0, 12.43231, -15.198689, -4.057417, 1830064878716505
1, -0.72224545, -0.3565397, 0.0062084887, 1830064878716505
0, 15.415598, -13.707627, -5.730442, 1830064883690870
1, -0.7232512, -0.36577114, 0.007612052, 1830064883690870
1, -0.7237231, -0.3749254, 0.0076872474, 1830064888695753
0, 15.868063, -12.948533, -6.692504, 1830064888695753
0, 15.354786, -13.460132, -5.4457235, 1830064893700636
1, -0.7237185, -0.3838511, 0.0066557326, 1830064893700636
1, -0.7230891, -0.3929341, 0.0055658747, 1830064898705519
0, 13.632835, -14.495569, -3.3655896, 1830064898705519
1, -0.72186214, -0.40220252, 0.0050082263, 1830064903710402
0, 11.910301, -14.597714, -2.397447, 1830064903710402
0, 11.526295, -13.609672, -1.2142994, 1830064908715284
1, -0.72000724, -0.4116017, 0.0050321254, 1830064908715284
0, 10.25433, -11.300198, -0.6229141, 1830064913720167
1, -0.71752053, -0.42131323, 0.0058426876, 1830064913720167
1, -0.71478885, -0.4308139, 0.0071814978, 1830064918694532
0, 8.439939, -8.604867, -0.084848166, 1830064918694532
1, -0.71197164, -0.44001055, 0.009035967, 1830064923699415
0, 5.7165084, -5.72998, 0.6703329, 1830064923699415
1, -0.7092132, -0.4486007, 0.011281929, 1830064928704298
0, 3.3512807, -2.913063, 1.7797542, 1830064928704298
1, -0.7064537, -0.45660886, 0.013850381, 1830064933709181
0, 1.2265654, -0.8474908, 2.5427876, 1830064933709181
0, -2.538743, 0.16307068, 3.3070183, 1830064938714064
1, -0.703743, -0.463756, 0.016400827, 1830064938714064
0, -5.0422797, 1.622158, 3.5338635, 1830064943718946
1, -0.7010956, -0.47005486, 0.018864304, 1830064943718946
0, -6.848837, 3.4447498, 3.600297, 1830064948723829
1, -0.6985206, -0.47570935, 0.02133351, 1830064948723829
0, -8.423866, 5.076872, 3.699379, 1830064953698194
1, -0.69613606, -0.48064637, 0.023660468, 1830064953698194
1, -0.693912, -0.48500568, 0.025876466, 1830064958703077
0, -9.51429, 6.67093, 3.966679, 1830064958703077
1, -0.6919806, -0.48860258, 0.027854273, 1830064963707960
0, -10.189763, 7.935433, 4.4236555, 1830064963707960
0, -10.232836, 8.880678, 4.8715625, 1830064968712843
1, -0.69035596, -0.4914181, 0.029592684, 1830064968712843
0, -9.589881, 9.685103, 5.247553, 1830064973717726
1, -0.6890644, -0.49351147, 0.031005768, 1830064973717726
1, -0.68798107, -0.49531573, 0.032340784, 1830064978722609
0, -9.382536, 10.638563, 5.3073816, 1830064978722609
1, -0.68721443, -0.49677834, 0.03350277, 1830064983727491
0, -8.995357, 11.500702, 5.7016563, 1830064983727491
1, -0.6867015, -0.49795315, 0.03456452, 1830064988732374
0, -8.301344, 12.195276, 6.920431, 1830064988732374
0, -7.6926694, 12.990903, 8.560274, 1830064993737257
1, -0.6862591, -0.49904412, 0.035737548, 1830064993737257
1, -0.6858413, -0.4999976, 0.037045833, 1830064998711622
0, -7.490169, 14.099033, 10.103975, 1830064998711622
0, -7.794143, 15.420251, 11.319216, 1830065003716505
1, -0.6853324, -0.5008538, 0.038612492, 1830065003716505
1, -0.6847152, -0.5015203, 0.04044355, 1830065008721388
0, -8.793875, 16.678127, 11.74415, 1830065008721388
0, -10.189479, 17.447727, 11.206478, 1830065013726271
1, -0.6841511, -0.5017621, 0.042439874, 1830065013726271
1, -0.6835542, -0.50180894, 0.044859294, 1830065018731153
0, -11.220623, 17.083948, 9.831304, 1830065018731153
1, -0.683194, -0.5014362, 0.047346693, 1830065023705519
0, -12.035013, 16.042572, 7.794272, 1830065023705519
1, -0.68323576, -0.5005438, 0.049692217, 1830065028710402
0, -12.882053, 15.25279, 6.091224, 1830065028710402
0, -13.853369, 14.342982, 5.599511, 1830065033715284
1, -0.6839048, -0.49876615, 0.05157931, 1830065033715284
1, -0.6849661, -0.49601692, 0.052866522, 1830065038720167
0, -13.754186, 13.594344, 6.4384165, 1830065038720167
0, -11.870228, 13.580185, 8.545443, 1830065043725050
1, -0.68620545, -0.4920552, 0.053237572, 1830065043725050
1, -0.68724203, -0.48697546, 0.052593652, 1830065048699415
0, -9.031012, 13.803268, 10.414581, 1830065048699415
1, -0.6879913, -0.48071063, 0.05085267, 1830065053734816
0, -7.4067893, 13.423868, 11.088169, 1830065053734816
1, -0.68818843, -0.4738144, 0.04839332, 1830065058709181
0, -7.349716, 12.418702, 10.994016, 1830065058709181
1, -0.68800324, -0.46594357, 0.04505812, 1830065063714064
0, -7.52637, 11.169233, 10.641207, 1830065063714064
1, -0.68745893, -0.45717323, 0.040984523, 1830065068718946
0, -7.425648, 9.81876, 9.805311, 1830065068718946
1, -0.6866067, -0.4477382, 0.036455438, 1830065073723829
0, -7.346676, 8.112877, 8.176724, 1830065073723829
0, -7.377111, 6.2469325, 6.42664, 1830065078728712
1, -0.68577284, -0.4375763, 0.03153165, 1830065078728712
1, -0.6850164, -0.42709148, 0.02660692, 1830065083733595
0, -7.40921, 4.820355, 4.589928, 1830065083733595
1, -0.684395, -0.4167627, 0.022047298, 1830065088738478
0, -7.2632327, 3.6760373, 2.0890915, 1830065088738478
0, -7.103147, 2.2167082, -1.8192093, 1830065093743360
1, -0.68396354, -0.4072207, 0.018301323, 1830065093743360
1, -0.68399286, -0.3988905, 0.015549332, 1830065098748243
0, -6.613005, 0.42158985, -6.4451084, 1830065098748243
1, -0.6844547, -0.39238054, 0.014099732, 1830065103753126
0, -5.6512947, -1.3808637, -9.241575, 1830065103753126
1, -0.68522125, -0.3876659, 0.013766593, 1830065108758009
0, -4.112596, -2.9351125, -9.363832, 1830065108758009
1, -0.6861874, -0.38448766, 0.0140634775, 1830065113732374
0, -1.8711624, -3.6607008, -8.330135, 1830065113732374
1, -0.6872681, -0.38291913, 0.014772589, 1830065118737257
0, 1.1094642, -3.5214443, -7.064005, 1830065118737257
1, -0.6884849, -0.38290024, 0.0155259585, 1830065123742140
0, 4.6241536, -2.814374, -4.862215, 1830065123742140
1, -0.6897235, -0.38403705, 0.015791109, 1830065128747023
0, 7.9619684, -1.7823877, -1.6472802, 1830065128747023
0, 10.3135605, -0.0924263, 1.4399426, 1830065133721388
1, -0.6907303, -0.38571152, 0.014975488, 1830065133721388
1, -0.6915104, -0.38709003, 0.012477953, 1830065138726271
0, 11.28471, 2.359726, 3.1159601, 1830065138726271
1, -0.6919703, -0.38797, 0.008416809, 1830065143731153
0, 10.355768, 4.6737103, 3.2650871, 1830065143731153
1, -0.69233656, -0.38827866, 0.0029883725, 1830065148736036
0, 7.766222, 6.2452974, 1.0996809, 1830065148736036
1, -0.69300777, -0.38851732, -0.0032959087, 1830065153740919
0, 4.791064, 7.0593567, -3.8315732, 1830065153740919
1, -0.6943922, -0.38860634, -0.010642339, 1830065158745802
0, 2.9228687, 6.407489, -4.1760287, 1830065158745802
1, -0.6964497, -0.38818645, -0.019322611, 1830065163750685
0, -0.080682755, 3.35146, 1.163816, 1830065163750685
1, -0.6990396, -0.3865578, -0.029516483, 1830065168725050
0, -4.8197446, -2.4530096, 8.616777, 1830065168725050
1, -0.7018675, -0.38329977, -0.041182127, 1830065173729933
0, -10.290507, -9.741005, 15.785139, 1830065173729933
1, -0.7046486, -0.37847927, -0.053034626, 1830065178734816
0, -19.020216, -18.20334, 15.085821, 1830065178734816
1, -0.7085657, -0.37119502, -0.063570574, 1830065183739698
0, -28.272707, -29.67506, 6.702654, 1830065183739698
1, -0.7135772, -0.36400265, -0.06953927, 1830065188744581
0, -30.63913, -31.768885, -12.26859, 1830065188744581
1, -0.7191239, -0.35958457, -0.069315426, 1830065193749464
0, -18.112549, -31.732052, -19.34257, 1830065193749464
0, -1.084435, -28.489178, 8.203339, 1830065198754347
1, -0.7239043, -0.3560374, -0.06792435, 1830065198754347
0, 8.821487, -2.9658585, 25.7966, 1830065203759230
1, -0.7257038, -0.35116333, -0.07058653, 1830065203759230
0, 12.63667, 11.4464445, 11.992554, 1830065208764112
1, -0.72436035, -0.34560534, -0.075472146, 1830065208764112
0, 14.401228, 15.108322, -4.709895, 1830065213768995
1, -0.72217745, -0.34041026, -0.08134791, 1830065213768995
0, 11.041327, 12.714199, -2.5933318, 1830065218773878
1, -0.7205067, -0.3359695, -0.088038914, 1830065218773878
0, 2.985084, 5.274487, 0.5938821, 1830065223748243
1, -0.7195309, -0.3320748, -0.09471538, 1830065223748243
1, -0.7194136, -0.32792374, -0.10098323, 1830065228753126
0, -3.1680698, -0.96723795, -0.93810606, 1830065228753126
1, -0.7199819, -0.32270622, -0.10636332, 1830065233758009
0, -7.9611144, -4.815446, 1.3764098, 1830065233758009
1, -0.7208368, -0.31588322, -0.11011393, 1830065238762892
0, -11.476194, -8.8519, 5.335163, 1830065238762892
1, -0.72181916, -0.307784, -0.11143155, 1830065243737257
0, -12.057575, -11.505547, 5.8971252, 1830065243737257
0, -10.679611, -11.382738, 6.3607855, 1830065248742140
1, -0.7227853, -0.29904494, -0.10995074, 1830065248742140
0, -8.035221, -10.654196, 6.6961746, 1830065253747023
1, -0.7235669, -0.2896918, -0.106311634, 1830065253747023
0, -5.740051, -11.371768, 3.8828979, 1830065258751905
1, -0.7242419, -0.27907512, -0.10173758, 1830065258751905
1, -0.7249566, -0.267372, -0.09654491, 1830065263756788
0, -3.2717009, -12.609256, -2.0524876, 1830065263756788
0, -1.358388, -14.661662, -3.2236772, 1830065268761671
1, -0.725924, -0.25433534, -0.09132425, 1830065268761671
0, 1.2737966, -16.831095, -0.7236372, 1830065273766554
1, -0.7267293, -0.24009697, -0.08648956, 1830065273766554
0, 4.2592916, -17.83274, 0.8736067, 1830065278771437
1, -0.7270906, -0.22496912, -0.08250141, 1830065278771437
0, 6.6510296, -18.18607, 1.7224592, 1830065283776319
1, -0.72663194, -0.21055481, -0.07850167, 1830065283776319
0, 8.513962, -18.837648, 1.8527014, 1830065288781202
1, -0.7254093, -0.19727354, -0.074274935, 1830065288781202
0, 11.150787, -19.536606, 1.2536248, 1830065293755568
1, -0.72331107, -0.18563887, -0.06963797, 1830065293755568
0, 14.31124, -19.908688, 0.44018185, 1830065298760450
1, -0.7202686, -0.17521547, -0.0649947, 1830065298760450
1, -0.71634966, -0.16583769, -0.06065884, 1830065303765333
0, 17.27473, -19.601002, -0.5211545, 1830065303765333
0, 19.992264, -18.171896, -2.2760768, 1830065308770216
1, -0.7118991, -0.15703085, -0.057020336, 1830065308770216
0, 22.033146, -15.488466, -4.0351224, 1830065313775099
1, -0.70721704, -0.14899273, -0.0537536, 1830065313775099
0, 22.202715, -11.27998, -6.4367437, 1830065318779982
1, -0.7026677, -0.1419018, -0.050733823, 1830065318779982
0, 20.405548, -7.1260576, -6.5246124, 1830065323784864
1, -0.69846123, -0.13559222, -0.048070055, 1830065323784864
0, 18.372725, -3.7714453, -4.7606187, 1830065328759230
1, -0.69447505, -0.13035274, -0.04538157, 1830065328759230
0, 15.646249, -1.3621426, -4.2018137, 1830065333764112
1, -0.69052607, -0.12638728, -0.042238817, 1830065333764112
0, 11.442235, 0.17116833, -4.254379, 1830065338768995
1, -0.6867332, -0.12313709, -0.038871836, 1830065338768995
0, 7.2163243, 1.2956362, -3.5792243, 1830065343773878
1, -0.6831914, -0.1197611, -0.035574585, 1830065343773878
0, 4.5978336, 2.412736, -3.7159326, 1830065348778761
1, -0.67995566, -0.1164349, -0.031880844, 1830065348778761
0, 3.084354, 2.1936827, -3.9935346, 1830065353783644
1, -0.67716336, -0.11306509, -0.02783309, 1830065353783644
0, 2.5623918, 1.4147663, -4.099849, 1830065358758009
1, -0.6748272, -0.10983329, -0.023478696, 1830065358758009
0, 2.8213506, 1.8125763, -4.048793, 1830065363793409
1, -0.67288303, -0.10670025, -0.019044613, 1830065363793409
0, 2.786831, 2.8159876, -3.8760543, 1830065368767775
1, -0.671304, -0.10391497, -0.0145902345, 1830065368767775
0, 2.5828428, 4.080269, -3.3504024, 1830065373772657
1, -0.66997313, -0.101417385, -0.010018371, 1830065373772657
0, 2.4997287, 5.590457, -2.9769785, 1830065378777540
1, -0.6687663, -0.09945611, -0.005175738, 1830065378777540
0, 1.9426489, 7.1858444, -3.0057774, 1830065383751905
1, -0.66770554, -0.09764896, -5.606794E-4, 1830065383751905
0, 1.4029902, 8.505352, -2.9405906, 1830065388756788
1, -0.66669923, -0.09616031, 0.0040689777, 1830065388756788
0, 0.78053486, 9.575374, -2.5295722, 1830065393761671
1, -0.66566473, -0.09507738, 0.008670134, 1830065393761671
0, 0.42527115, 10.113727, -1.9434866, 1830065398766554
1, -0.6644925, -0.09432057, 0.013028961, 1830065398766554
1, -0.66298956, -0.094029576, 0.017358469, 1830065403771437
0, -0.09588444, 9.881651, -1.2778345, 1830065403771437
1, -0.6610457, -0.09399589, 0.021451276, 1830065408776319
0, -0.19166267, 9.126106, -0.8187183, 1830065408776319
1, -0.65859556, -0.09403589, 0.02517489, 1830065413781202
0, -0.7472305, 8.146318, -0.8221247, 1830065413781202
1, -0.6557168, -0.09393244, 0.028431091, 1830065418786085
0, -1.4732692, 7.2582884, -1.5907689, 1830065418786085
1, -0.6525848, -0.09376985, 0.031468228, 1830065423790968
0, -2.4009256, 6.3715534, -3.2107494, 1830065423790968
1, -0.6494589, -0.09366741, 0.034405805, 1830065428795851
0, -2.466777, 5.6495914, -5.438033, 1830065428795851
1, -0.64666235, -0.093773685, 0.037279516, 1830065433800734
0, -1.6812507, 5.2991066, -7.7516785, 1830065433800734
1, -0.6445213, -0.0941512, 0.03988461, 1830065438775099
0, 0.28102034, 5.54352, -9.41804, 1830065438775099
1, -0.6431526, -0.09522424, 0.04231894, 1830065443779982
0, 2.7811682, 6.3854074, -9.673858, 1830065443779982
1, -0.6426459, -0.09674115, 0.0441824, 1830065448784864
0, 4.039297, 7.406102, -8.472462, 1830065448784864
1, -0.6428694, -0.09832963, 0.045371473, 1830065453789747
0, 4.5022135, 8.614816, -5.8400674, 1830065453789747
0, 4.847869, 9.878821, -2.6228504, 1830065458794630
1, -0.6435434, -0.0996495, 0.04576641, 1830065458794630
0, 5.1619577, 10.998029, -0.1268245, 1830065463799513
1, -0.64429986, -0.100887425, 0.04561466, 1830065463799513
1, -0.6448772, -0.10211698, 0.04495296, 1830065468804396
0, 4.895001, 12.03099, 1.0457584, 1830065468804396
0, 4.3175426, 12.974645, 1.1331316, 1830065473809278
1, -0.645109, -0.10346117, 0.043954697, 1830065473809278
1, -0.64497304, -0.104874596, 0.04266896, 1830065478783644
0, 3.6295395, 13.711796, 0.7283584, 1830065478783644
0, 2.8246856, 14.08754, 0.28066015, 1830065483788527
1, -0.6444971, -0.10656186, 0.041396018, 1830065483788527
0, 1.9668716, 13.861057, -0.3571278, 1830065488793409
1, -0.64374375, -0.1084685, 0.040197987, 1830065488793409
0, 1.4263449, 13.511748, -1.3098276, 1830065493798292
1, -0.6427947, -0.110589325, 0.03917962, 1830065493798292
1, -0.64179474, -0.11282987, 0.03823919, 1830065498803175
0, 1.2418425, 12.973292, -2.6820471, 1830065498803175
0, 1.1441859, 12.067103, -4.524045, 1830065503808058
1, -0.64090335, -0.11541581, 0.037523378, 1830065503808058
0, 1.3423085, 10.9783325, -5.923933, 1830065508812941
1, -0.640284, -0.118474, 0.037000958, 1830065508812941
0, 1.117047, 10.180819, -6.1073437, 1830065513817823
1, -0.6399633, -0.122066736, 0.036655456, 1830065513817823
0, 0.30614233, 9.346467, -5.396336, 1830065518822706
1, -0.63990945, -0.12605727, 0.036377475, 1830065518822706
1, -0.6400555, -0.13052858, 0.03641715, 1830065523797071
0, -0.4422344, 8.441919, -4.239703, 1830065523797071
0, -1.5102254, 7.938306, -3.190177, 1830065528801954
1, -0.6404121, -0.13543633, 0.036778502, 1830065528801954
0, -2.3377533, 7.6033564, -2.1288695, 1830065533806837
1, -0.6409732, -0.14060102, 0.03743483, 1830065533806837
0, -2.7039824, 7.441456, -1.35214, 1830065538811720
1, -0.6416926, -0.14584845, 0.038236864, 1830065538811720
0, -3.009883, 7.454666, -0.8593707, 1830065543786085
1, -0.6424923, -0.15118168, 0.0393013, 1830065543786085
0, -2.5090764, 7.7670603, -0.7132908, 1830065548790968
1, -0.64336276, -0.15654534, 0.04051088, 1830065548790968
1, -0.6441683, -0.1621995, 0.04198282, 1830065553795851
0, -1.7570546, 7.9304943, -0.6665864, 1830065553795851
0, -1.2618253, 7.784341, -0.7639698, 1830065558800734
1, -0.6449392, -0.16813052, 0.043460116, 1830065558800734
1, -0.64577025, -0.17439413, 0.044929873, 1830065563805616
0, -1.1579086, 7.4533415, -1.0050433, 1830065563805616
0, -1.4085332, 6.67999, -1.3361528, 1830065568810499
1, -0.6469541, -0.18077989, 0.046146862, 1830065568810499
1, -0.6487985, -0.18732771, 0.047040325, 1830065573815382
0, -1.4607741, 5.36012, -0.9092504, 1830065573815382
0, -1.2728102, 3.599246, 0.5435403, 1830065578820265
1, -0.6514303, -0.1942085, 0.047628492, 1830065578820265
1, -0.6548043, -0.20116413, 0.04752182, 1830065583825148
0, -0.9154966, 1.573492, 2.5312865, 1830065583825148
1, -0.6584518, -0.20806552, 0.046559904, 1830065588830030
0, 0.1834302, -0.6973171, 4.6397805, 1830065588830030
1, -0.6617859, -0.21498427, 0.044967696, 1830065593804396
0, 1.9918833, -3.33358, 5.552996, 1830065593804396
1, -0.6644629, -0.22271454, 0.043742266, 1830065598809278
0, 4.5205994, -5.82267, 4.723215, 1830065598809278
0, 8.203617, -9.189845, -0.20221195, 1830065603814161
1, -0.6664997, -0.23207562, 0.043711666, 1830065603814161
1, -0.6684334, -0.24408731, 0.044955354, 1830065608819044
0, 13.520956, -15.40404, -8.779896, 1830065608819044
0, 16.787127, -21.035524, -7.8426156, 1830065613823927
1, -0.6705703, -0.258431, 0.046244774, 1830065613823927
0, 15.469421, -26.804207, -2.1592672, 1830065618828810
1, -0.6727458, -0.27323148, 0.0458851, 1830065618828810
0, 8.965624, -30.394958, -2.6691527, 1830065623803175
1, -0.67522633, -0.28664687, 0.04315156, 1830065623803175
1, -0.6785273, -0.29711375, 0.037927452, 1830065628808058
0, 0.17165184, -30.435936, -3.1158493, 1830065628808058
0, -5.289347, -30.477354, -3.3489547, 1830065633812941
1, -0.68272334, -0.30388477, 0.030848512, 1830065633812941
0, -7.3429174, -30.516455, -3.3623698, 1830065638817823
1, -0.68779755, -0.30712593, 0.022104623, 1830065638817823
0, -7.7634363, -30.554657, -3.4356456, 1830065643822706
1, -0.6935592, -0.3078019, 0.01209816, 1830065643822706
0, -8.500727, -30.591518, -1.743266, 1830065648827589
1, -0.699801, -0.30668426, 0.0016623187, 1830065648827589
0, -8.084169, -27.816431, 3.0676432, 1830065653832472
1, -0.7059815, -0.30526006, -0.007555068, 1830065653832472
0, -4.9302692, -23.667017, 8.060452, 1830065658837355
1, -0.7112808, -0.3059673, -0.013277718, 1830065658837355
0, -1.1993828, -19.162338, 6.677625, 1830065663842237
1, -0.7155226, -0.3102542, -0.014767005, 1830065663842237
0, 3.2084103, -15.669292, 1.8293798, 1830065668847120
1, -0.71905375, -0.3174881, -0.013670122, 1830065668847120
1, -0.7221371, -0.32613322, -0.0120859025, 1830065673821485
0, 8.065977, -12.786077, -2.2441385, 1830065673821485
0, 13.660326, -11.32463, -5.7499156, 1830065678826368
1, -0.72484255, -0.33544126, -0.011060526, 1830065678826368
1, -0.7270008, -0.3449247, -0.011106187, 1830065683800734
0, 17.343925, -11.523624, -6.050562, 1830065683800734
1, -0.7285158, -0.35425696, -0.012687809, 1830065688805616
0, 18.312122, -12.65865, -4.8365884, 1830065688805616
0, 17.208946, -14.357743, -2.9943204, 1830065693810499
1, -0.7292113, -0.36329696, -0.015567288, 1830065693810499
0, 15.707895, -15.693704, -2.2281024, 1830065698815382
1, -0.7289443, -0.37255475, -0.018510394, 1830065698815382
0, 14.592459, -15.216913, -1.9766421, 1830065703820265
1, -0.7277318, -0.3824146, -0.020487078, 1830065703820265
0, 13.107155, -12.544258, -2.1923785, 1830065708794630
1, -0.7258305, -0.3927014, -0.021055792, 1830065708794630
0, 12.416794, -9.207148, -1.3778574, 1830065713799513
1, -0.72351503, -0.40312174, -0.020289114, 1830065713799513
1, -0.7208496, -0.41364655, -0.018190457, 1830065718834913
0, 10.729134, -6.1463223, 0.1161623, 1830065718834913
1, -0.71803766, -0.42373332, -0.015290864, 1830065723839796
0, 7.536269, -3.5576496, 1.1659136, 1830065723839796
1, -0.71506923, -0.43326354, -0.0118956305, 1830065728844679
0, 4.4233446, -1.3359642, 1.9769299, 1830065728844679
1, -0.7119933, -0.44215918, -0.008098737, 1830065733819044
0, 1.2906866, 0.26107788, 2.28553, 1830065733819044
1, -0.70896757, -0.45027757, -0.0039974605, 1830065738823927
0, -2.811863, 1.3267789, 2.7201328, 1830065738823927
1, -0.70609206, -0.45747572, 3.61113E-4, 1830065743828810
0, -6.0886397, 2.5016727, 2.971448, 1830065743828810
1, -0.70345366, -0.463746, 0.004852576, 1830065748833693
0, -8.277809, 4.179744, 2.8184032, 1830065748833693
1, -0.7011524, -0.4690756, 0.009292426, 1830065753838575
0, -9.867248, 6.131477, 3.007338, 1830065753838575
1, -0.6993842, -0.47329432, 0.013455912, 1830065758843458
0, -10.735879, 7.946572, 3.271844, 1830065758843458
0, -11.404997, 9.121379, 3.5868163, 1830065763817823
1, -0.697981, -0.47673178, 0.017475057, 1830065763817823
0, -11.908922, 9.767501, 4.0618844, 1830065768822706
1, -0.6970302, -0.47937086, 0.021243574, 1830065768822706
1, -0.6965606, -0.48128763, 0.024794238, 1830065773827589
0, -12.297701, 9.9826355, 4.5004745, 1830065773827589
1, -0.69651544, -0.48261064, 0.028110594, 1830065778832472
0, -11.229685, 10.472105, 5.2530174, 1830065778832472
1, -0.6966671, -0.48372087, 0.03136298, 1830065783837355
0, -9.989368, 10.884954, 6.473601, 1830065783837355
1, -0.6969972, -0.48454785, 0.0345025, 1830065788842237
0, -8.994074, 11.154452, 8.105186, 1830065788842237
1, -0.69736147, -0.48511878, 0.037611123, 1830065793847120
0, -7.679515, 11.672173, 9.835452, 1830065793847120
0, -6.466322, 12.018262, 11.306313, 1830065798852003
1, -0.69757247, -0.48549807, 0.040765844, 1830065798852003
1, -0.6975866, -0.485578, 0.04381348, 1830065803856886
0, -5.7953205, 12.401322, 12.0597725, 1830065803856886
0, -5.9735427, 12.89764, 11.853954, 1830065808831251
1, -0.6973449, -0.48543915, 0.046779178, 1830065808831251
1, -0.69690114, -0.48510653, 0.049722508, 1830065813836134
0, -6.8319316, 13.418404, 10.772306, 1830065813836134
0, -8.196655, 13.711296, 9.277906, 1830065818841017
1, -0.6965438, -0.48433974, 0.052454017, 1830065818841017
1, -0.6961991, -0.4833872, 0.055197008, 1830065823845900
0, -9.855039, 13.983828, 8.041319, 1830065823845900
0, -11.695269, 13.944355, 6.4273915, 1830065828820265
1, -0.69614923, -0.48205265, 0.05796492, 1830065828820265
0, -13.332235, 13.478191, 5.3551164, 1830065833825148
1, -0.69658375, -0.48003206, 0.06052356, 1830065833825148
0, -14.365202, 12.97981, 5.3478065, 1830065838830030
1, -0.6977195, -0.47681335, 0.062318057, 1830065838830030
0, -14.423919, 12.869472, 5.973063, 1830065843834913
1, -0.69922173, -0.4726519, 0.06360352, 1830065843834913
0, -12.318464, 13.133892, 7.2032585, 1830065848839796
1, -0.7009692, -0.46747854, 0.0642934, 1830065848839796
0, -9.06868, 13.457531, 8.631123, 1830065853844679
1, -0.70254964, -0.46171793, 0.0643044, 1830065853844679
1, -0.7037056, -0.45561475, 0.06352833, 1830065858849562
0, -6.7193284, 13.20223, 9.799701, 1830065858849562
0, -5.6790257, 12.45664, 10.417241, 1830065863854444
1, -0.70442027, -0.449054, 0.061797105, 1830065863854444
0, -5.2992034, 11.465831, 10.579084, 1830065868859327
1, -0.7047282, -0.4419271, 0.059140425, 1830065868859327
0, -5.3128777, 10.544013, 10.293129, 1830065873864210
1, -0.7046614, -0.43419483, 0.05569357, 1830065873864210
0, -5.392689, 9.492851, 9.368236, 1830065878838575
1, -0.7042827, -0.42588466, 0.051636647, 1830065878838575
0, -5.1815233, 8.255203, 8.174772, 1830065883843458
1, -0.70357555, -0.41708425, 0.047145434, 1830065883843458
0, -4.751379, 7.006942, 6.770087, 1830065888848341
1, -0.7026341, -0.40790746, 0.04229376, 1830065888848341
0, -4.2052345, 5.856961, 5.154729, 1830065893853224
1, -0.70150894, -0.39860284, 0.037279774, 1830065893853224
0, -4.12939, 4.5864487, 3.1648288, 1830065898858107
1, -0.70042616, -0.38918743, 0.032143522, 1830065898858107
0, -4.507147, 3.1107397, -0.28482175, 1830065903862989
1, -0.6993751, -0.38030887, 0.02742367, 1830065903862989
0, -4.978689, 1.3709469, -6.0185237, 1830065908837355
1, -0.6987714, -0.37238836, 0.023421295, 1830065908837355
0, -4.596174, -0.6981678, -9.529063, 1830065913842237
1, -0.6988264, -0.3659036, 0.020561684, 1830065913842237
0, -2.8208804, -2.5681257, -9.1157675, 1830065918847120
1, -0.69938457, -0.3609526, 0.01874217, 1830065918847120
0, -0.22488737, -3.8408957, -6.9511495, 1830065923852003
1, -0.70016193, -0.35736665, 0.017373059, 1830065923852003
0, 2.5880575, -4.49807, -4.601659, 1830065928856886
1, -0.70110637, -0.35506892, 0.015884822, 1830065928856886
0, 5.384824, -4.4445143, -3.0090728, 1830065933861769
1, -0.70201355, -0.35442862, 0.014184767, 1830065933861769
0, 7.1691723, -3.33212, -1.9404805, 1830065938866652
1, -0.7027631, -0.35522145, 0.011967082, 1830065938866652
0, 7.783164, -1.1282444, -1.6396749, 1830065943871534
1, -0.70347327, -0.35654375, 0.00876713, 1830065943871534
0, 7.6332235, 1.4973841, -1.7673948, 1830065948845900
1, -0.70414484, -0.35780624, 0.0045305034, 1830065948845900
0, 6.696721, 3.6933966, -3.073568, 1830065953850782
1, -0.70500016, -0.3585289, -0.0010398017, 1830065953850782
0, 5.6821775, 4.1084676, -6.715026, 1830065958855665
1, -0.7064937, -0.35899314, -0.007797596, 1830065958855665
0, 4.6336923, 1.6041031, -5.443511, 1830065963860548
1, -0.7090533, -0.3592884, -0.01598733, 1830065963860548
0, 1.993186, -4.359715, 4.3641543, 1830065968865431
1, -0.71239823, -0.3587522, -0.026146594, 1830065968865431
0, -2.9426775, -12.163366, 15.2863035, 1830065973870314
1, -0.71577746, -0.35673282, -0.0381631, 1830065973870314
0, -10.087095, -20.929604, 19.01648, 1830065978875196
1, -0.7187474, -0.353087, -0.050650865, 1830065978875196
0, -15.496395, -29.27489, 10.556602, 1830065983880079
1, -0.7214082, -0.34864753, -0.061118416, 1830065983880079
0, -19.08465, -31.620823, -3.7776883, 1830065988884962
1, -0.7244243, -0.34390065, -0.068068236, 1830065988884962
0, -14.297314, -31.604822, -16.144403, 1830065993889845
1, -0.7279147, -0.34064567, -0.070294626, 1830065993889845
0, -4.110482, -25.417576, -3.7332637, 1830065998864210
1, -0.7318774, -0.33846727, -0.07060055, 1830065998864210
0, 2.273417, -3.0776777, 20.85455, 1830066003838575
1, -0.73419917, -0.33590445, -0.07236688, 1830066003838575
0, 4.8486433, 11.27429, 18.652958, 1830066008843458
1, -0.73378897, -0.33249414, -0.07551733, 1830066008843458
0, 7.177515, 17.863918, 3.8897707, 1830066013848341
1, -0.7318903, -0.32852125, -0.08016216, 1830066013848341
1, -0.7298141, -0.3244641, -0.08636164, 1830066018853224
0, 7.1681533, 19.54994, 1.30087, 1830066018853224
1, -0.72812176, -0.32054344, -0.093250625, 1830066023858107
0, 2.2175827, 13.784208, 3.2579505, 1830066023858107
1, -0.7274059, -0.3163257, -0.09988326, 1830066028862989
0, -4.6676335, 4.4835544, 0.107372284, 1830066028862989
1, -0.727652, -0.31155717, -0.105589144, 1830066033867872
0, -9.946302, -0.35098124, 0.61197734, 1830066033867872
0, -14.864527, -3.7823625, 6.6241403, 1830066038872755
1, -0.72840464, -0.30561733, -0.110003136, 1830066038872755
1, -0.7291593, -0.29819518, -0.11246382, 1830066043877638
0, -18.072332, -8.414295, 9.818093, 1830066043877638
1, -0.73005754, -0.28904727, -0.112723924, 1830066048852003
0, -17.610842, -11.864635, 7.764474, 1830066048852003
1, -0.7308278, -0.27907652, -0.110221736, 1830066053856886
0, -13.16273, -13.432928, 5.8301063, 1830066053856886
0, -8.387569, -13.980134, 3.0310109, 1830066058861769
1, -0.7313982, -0.26866207, -0.105652824, 1830066058861769
0, -3.902144, -15.30817, -3.1624851, 1830066063866652
1, -0.73203903, -0.2575735, -0.100167684, 1830066063866652
0, 0.64447117, -17.149105, -5.8801417, 1830066068871534
1, -0.7327824, -0.24605496, -0.09431975, 1830066068871534
1, -0.73338467, -0.23394856, -0.08880466, 1830066073876417
0, 3.9141617, -19.387812, -2.4341056, 1830066073876417
1, -0.7334468, -0.22114605, -0.08413201, 1830066078881300
0, 5.2935266, -19.921007, 0.8287914, 1830066078881300
0, 6.203491, -18.600002, 2.6371195, 1830066083886183
1, -0.7327715, -0.20764741, -0.080450565, 1830066083886183
0, 7.992687, -17.756342, 2.2228565, 1830066088891066
1, -0.73125976, -0.194388, -0.076917484, 1830066088891066
0, 10.728906, -17.551807, 0.71245325, 1830066093865431
1, -0.7290001, -0.18189733, -0.073376544, 1830066093865431
0, 13.545588, -17.362152, -0.016960144, 1830066098870314
1, -0.7259144, -0.1703201, -0.06983798, 1830066098870314
1, -0.7219813, -0.15993144, -0.06630163, 1830066103875196
0, 16.491732, -17.155146, -0.22393519, 1830066103875196
0, -11.10568, -27.029285, -5.8976073, 1830070739525831
1, -0.750148, -0.30226973, -0.06906777, 1830070739525831
0, -4.6791244, -11.374998, 6.2968216, 1830070744530714
1, -0.7506906, -0.2982715, -0.07286501, 1830070744530714
0, -2.8231378, 4.788535, 13.576197, 1830070749535597
1, -0.7501561, -0.2951259, -0.075987354, 1830070749535597
0, -1.128056, 14.619711, 4.322913, 1830070754540480
1, -0.7486359, -0.2919515, -0.07900051, 1830070754540480
0, -0.10480356, 17.46344, -0.36317348, 1830070759545362
1, -0.74736905, -0.28798223, -0.083006755, 1830070759545362
0, -2.31532, 15.468868, 6.331341, 1830070764519728
1, -0.74633515, -0.2838888, -0.087620996, 1830070764519728
0, -6.2727222, 11.510194, 5.083048, 1830070769524610
1, -0.7455363, -0.27958325, -0.092580624, 1830070769524610
1, -0.74503845, -0.2749674, -0.09710449, 1830070774529493
0, -8.897394, 6.153509, 3.6170726, 1830070774529493
0, -9.280102, 1.67028, 5.453314, 1830070779534376
1, -0.7447512, -0.26963565, -0.100760065, 1830070779534376
1, -0.6740834, -0.028648943, -0.0076300483, 1830075690178907
0, 1.680089, 5.9751787, -4.449087, 1830075690178907
1, -0.67196906, -0.027131354, -0.0043526716, 1830075695183790
0, 0.048875093, 6.4432583, -5.668501, 1830075695183790
1, -0.6697996, -0.025260871, -0.0016962535, 1830075700188673
0, -1.2599578, 6.7971506, -6.223656, 1830075700188673
1, -0.6676683, -0.023127021, 5.32457E-4, 1830075705193556
0, -2.5945883, 7.326892, -5.637933, 1830075705193556
1, -0.6656564, -0.021095397, 0.0027539383, 1830075710167921
0, -3.5334084, 7.999195, -4.74445, 1830075710167921
1, -0.6638039, -0.01927645, 0.005161243, 1830075715172804
0, -3.4937353, 8.926569, -3.827039, 1830075715172804
1, -0.6621759, -0.01814067, 0.008045815, 1830075720177687
0, -1.4707158, 9.814876, -3.0873122, 1830075720177687
1, -0.6607876, -0.017954022, 0.011303246, 1830075725182569
0, 1.570389, 10.547121, -2.3596542, 1830075725182569
1, -0.65959096, -0.018835995, 0.014806393, 1830075730187452
0, 4.1369867, 11.121163, -1.1856424, 1830075730187452
1, -0.6584949, -0.020216156, 0.017904397, 1830075735192335
0, 5.9225745, 11.565757, 0.29076326, 1830075735192335
1, -0.65738565, -0.022063656, 0.02060861, 1830075740197218
0, 7.2222257, 11.885497, 1.4179038, 1830075740197218
1, -0.6561604, -0.024290858, 0.022824403, 1830075745202101
0, 7.9377933, 12.386229, 1.8844186, 1830075745202101
1, -0.65476924, -0.026944509, 0.024656506, 1830075750176466
0, 7.761108, 13.093624, 1.088351, 1830075750176466
1, -0.65322584, -0.029766738, 0.02585284, 1830075755181349
0, 7.4684577, 13.462044, -0.28297853, 1830075755181349
1, -0.65163666, -0.032913286, 0.02662697, 1830075760186232
0, 7.12989, 13.358275, -2.0567186, 1830075760186232
1, -0.6501187, -0.036270164, 0.026990457, 1830075765191114
0, 6.46005, 13.134715, -3.7464137, 1830075765191114
0, 5.394209, 12.612503, -5.012811, 1830075770195997
1, -0.6487427, -0.039809123, 0.02708406, 1830075770195997
0, 4.175358, 11.978734, -5.7495046, 1830075775200880
1, -0.64756095, -0.043394826, 0.026837956, 1830075775200880
0, 2.7735326, 11.140573, -6.0222316, 1830075780205763
1, -0.64662236, -0.047143485, 0.026471408, 1830075780205763
0, 1.5347025, 10.428506, -5.5766926, 1830075785180128
1, -0.6459447, -0.051085964, 0.026115626, 1830075785180128
0, 0.4851353, 9.849524, -4.8442206, 1830075790185011
1, -0.64549434, -0.05542331, 0.025998725, 1830075790185011
0, -0.16289997, 9.305516, -4.6379905, 1830075795189894
1, -0.64535093, -0.059591733, 0.025579818, 1830075795189894
0, -0.7280459, 8.870598, -4.3015795, 1830075800194777
1, -0.6455162, -0.063783, 0.025057545, 1830075800194777
0, -1.6727118, 8.413058, -3.9234178, 1830075805199659
1, -0.6459907, -0.06806561, 0.024482766, 1830075805199659
0, -2.7557817, 8.11698, -3.7860756, 1830075810204542
1, -0.6467616, -0.072501, 0.024059698, 1830075810204542
0, -3.7284265, 7.972664, -3.4711754, 1830075815178907
1, -0.64784026, -0.07675007, 0.02357178, 1830075815178907
1, -0.6492013, -0.08089995, 0.023118304, 1830075820183790
0, -4.530835, 7.783779, -2.9695778, 1830075820183790
0, -5.1528096, 7.5240145, -2.3514128, 1830075825188673
1, -0.6508311, -0.08484512, 0.022629485, 1830075825188673
0, -5.54576, 7.4015026, -2.042603, 1830075830193556
1, -0.6527508, -0.088517874, 0.022081492, 1830075830193556
1, -0.65492034, -0.091931954, 0.021439862, 1830075835198439
0, -5.5307817, 7.4589224, -1.7903192, 1830075835198439
0, -5.319663, 7.260866, -1.4803272, 1830075840203321
1, -0.6573804, -0.09532076, 0.02087618, 1830075840203321
0, -4.6477056, 6.6501827, -1.196377, 1830075845208204
1, -0.66031265, -0.098794505, 0.020394968, 1830075845208204
0, -3.4334116, 5.6416883, -0.28539145, 1830075850213087
1, -0.6638271, -0.10272828, 0.020198915, 1830075850213087
0, -2.313666, 4.4358683, 1.2067698, 1830075855187452
1, -0.6679738, -0.106607184, 0.019510256, 1830075855187452
1, -0.67256516, -0.11072342, 0.01842935, 1830075860192335
0, -1.3753494, 2.7900705, 2.9033833, 1830075860192335
0, -0.38794398, 0.80136395, 4.154153, 1830075865197218
1, -0.6772436, -0.11505837, 0.016864218, 1830075865197218
0, 1.3727787, -1.4707222, 4.1710978, 1830075870202101
1, -0.6816871, -0.1202391, 0.015432129, 1830075870202101
0, 4.0103188, -3.595296, 3.2798429, 1830075875206984
1, -0.6858407, -0.12697314, 0.014880346, 1830075875206984
0, 7.6271873, -5.110633, 1.7777016, 1830075880211866
1, -0.68974596, -0.13632837, 0.016349042, 1830075880211866
0, 12.506879, -7.691842, -2.0855012, 1830075885216749
1, -0.6935531, -0.14882903, 0.020093083, 1830075885216749
0, 17.062176, -11.691655, -6.6950164, 1830075890191114
1, -0.6973225, -0.16441117, 0.025322333, 1830075890191114
0, 18.306128, -15.770674, -6.0501356, 1830075895195997
1, -0.7008875, -0.18191868, 0.03033286, 1830075895195997
0, 15.623953, -19.60293, -4.4527235, 1830075900200880
1, -0.70414007, -0.1993376, 0.033469636, 1830075900200880
0, 9.993975, -21.768076, -4.2629533, 1830075905205763
1, -0.70751226, -0.21475495, 0.033613693, 1830075905205763
0, 3.4809294, -23.793533, -3.9955282, 1830075910210646
1, -0.7115305, -0.22647418, 0.030295024, 1830075910210646
1, -0.7162713, -0.23384415, 0.023813715, 1830075915215528
0, -0.8881383, -26.328121, -3.1869755, 1830075915215528
0, -2.8042228, -29.180696, -2.5907621, 1830075920220411
1, -0.72147685, -0.2378116, 0.015107849, 1830075920220411
0, -4.0434427, -30.300821, -2.372198, 1830075925225294
1, -0.72698814, -0.2395532, 0.0049362164, 1830075925225294
1, -0.73256665, -0.2404413, -0.0052613085, 1830075930199659
0, -4.190424, -30.340618, -2.197874, 1830075930199659
1, -0.7380588, -0.24172686, -0.013913911, 1830075935204542
0, -2.9257967, -30.38139, 0.5322056, 1830075935204542
1, -0.74275947, -0.24614958, -0.018272262, 1830075940209425
0, -0.037071705, -27.52094, 2.8614814, 1830075940209425
1, -0.74640346, -0.25474066, -0.018174037, 1830075945214308
0, 5.4076805, -24.0042, 3.2973683, 1830075945214308
1, -0.74904776, -0.2672966, -0.014967551, 1830075950219191
0, 12.413564, -19.29473, -0.9052069, 1830075950219191
0, 17.53199, -15.1267395, -5.6895466, 1830075955224073
1, -0.7511252, -0.28179762, -0.011469014, 1830075955224073
1, -0.7528762, -0.2959293, -0.009759177, 1830075960228956
0, 17.223017, -13.414945, -5.8698907, 1830075960228956
1, -0.75421655, -0.3084234, -0.010326603, 1830075965203321
0, 15.436, -13.840177, -4.1819673, 1830075965203321
0, 14.419815, -14.57402, -3.999635, 1830075970208204
1, -0.7550458, -0.32004568, -0.011964159, 1830075970208204
1, -0.7553007, -0.33146107, -0.013380351, 1830075975213087
0, 13.207515, -14.980633, -3.9122984, 1830075975213087
0, 11.520632, -14.774689, -3.9381793, 1830075980217970
1, -0.7550369, -0.34284925, -0.013904979, 1830075980217970
1, -0.7542316, -0.3542226, -0.013338606, 1830075985222853
0, 10.755203, -14.061795, -2.8116493, 1830075985222853
1, -0.75288975, -0.36557922, -0.011524241, 1830075990197218
0, 8.979382, -12.474493, -1.7183983, 1830075990197218
1, -0.75134724, -0.37652004, -0.008608347, 1830075995202101
0, 6.2733755, -10.233095, -0.7363658, 1830075995202101
1, -0.7496549, -0.38687935, -0.004641975, 1830076000206984
0, 4.7081165, -8.225817, 0.55915356, 1830076000206984
0, 2.4762564, -5.7576995, 1.5086336, 1830076005211866
1, -0.7478011, -0.39667544, 1.07409884E-4, 1830076005211866
0, -0.3003626, -2.6805215, 2.2332854, 1830076010216749
1, -0.74579215, -0.40591043, 0.0053141606, 1830076010216749
0, -2.8729353, 0.3027811, 2.8826556, 1830076015221632
1, -0.74383307, -0.41431916, 0.010596912, 1830076015221632
0, -5.039179, 2.2355146, 3.4431782, 1830076020226515
1, -0.7419182, -0.42183703, 0.015791563, 1830076020226515
0, -6.8354635, 3.322009, 3.7275882, 1830076025231398
1, -0.73997813, -0.4284277, 0.020685365, 1830076025231398
0, -8.477211, 4.240972, 3.716093, 1830076030205763
1, -0.7380558, -0.4340114, 0.02497759, 1830076030205763
0, -9.368317, 4.9269304, 3.938305, 1830076035210646
1, -0.7361574, -0.4387694, 0.028757356, 1830076035210646
0, -9.313694, 5.643247, 4.4248514, 1830076040215528
1, -0.7343971, -0.44263697, 0.032033794, 1830076040215528
0, -9.161481, 6.805563, 4.788124, 1830076045220411
1, -0.7328593, -0.44565958, 0.034878977, 1830076045220411
0, -8.936621, 8.046949, 5.2886457, 1830076050225294
1, -0.7316321, -0.4478228, 0.03731561, 1830076050225294
0, -8.415674, 9.068291, 5.810276, 1830076055230177
1, -0.7306848, -0.4492497, 0.039465584, 1830076055230177
0, -7.773558, 9.778941, 6.4534397, 1830076060235060
1, -0.72997814, -0.44999522, 0.04137398, 1830076060235060
1, -0.7293995, -0.45019218, 0.043074362, 1830076065209425
0, -7.7680006, 10.6213, 7.1188364, 1830076065209425
1, -0.7288934, -0.44992474, 0.044648122, 1830076070214308
0, -7.4960113, 11.683911, 8.057671, 1830076070214308
0, -6.6799, 12.49819, 9.037371, 1830076075219191
1, -0.72835, -0.44933724, 0.046223126, 1830076075219191
1, -0.72770536, -0.44849142, 0.047872826, 1830076080224073
0, -5.9038415, 13.016912, 9.8587475, 1830076080224073
1, -0.7269171, -0.4474312, 0.049621787, 1830076085228956
0, -5.0437584, 13.257131, 10.490528, 1830076085228956
1, -0.72597957, -0.4462374, 0.05144338, 1830076090233839
0, -4.3158402, 13.426174, 10.5295925, 1830076090233839
0, -4.2653885, 13.376775, 9.8186455, 1830076095238722
1, -0.72489285, -0.4450812, 0.053413186, 1830076095238722
1, -0.7238433, -0.443807, 0.055431727, 1830076100243605
0, -5.209341, 13.258757, 8.831802, 1830076100243605
1, -0.72291625, -0.44246298, 0.057517447, 1830076105217970
0, -6.8877316, 13.2693, 7.6894107, 1830076105217970
1, -0.7222404, -0.4409104, 0.059676867, 1830076110222853
0, -8.865033, 13.22913, 6.66552, 1830076110222853
1, -0.721891, -0.4390643, 0.061913434, 1830076115227735
0, -10.759308, 12.980512, 5.978694, 1830076115227735
1, -0.72195446, -0.43674147, 0.0640806, 1830076120232618
0, -12.231127, 12.643449, 5.496684, 1830076120232618
1, -0.72243035, -0.43380502, 0.066044025, 1830076125237501
0, -13.193438, 12.330992, 5.167115, 1830076125237501
0, -13.417456, 12.067823, 5.138599, 1830076130242384
1, -0.7232716, -0.43018106, 0.06774616, 1830076130242384
1, -0.72442406, -0.4258407, 0.06905038, 1830076135216749
0, -12.939005, 12.150354, 5.433381, 1830076135216749
1, -0.7256056, -0.42106396, 0.07016035, 1830076140221632
0, -11.25662, 12.4717045, 6.0749526, 1830076140221632
1, -0.72663105, -0.41599816, 0.07100495, 1830076145226515
0, -8.718712, 12.796931, 7.206913, 1830076145226515
1, -0.72733384, -0.41068244, 0.07145794, 1830076150231398
0, -6.6291103, 12.707287, 8.488004, 1830076150231398
1, -0.7276069, -0.40505588, 0.07142498, 1830076155236280
0, -5.2197313, 12.11283, 9.541208, 1830076155236280
1, -0.7274766, -0.39888224, 0.07076334, 1830076160241163
0, -4.258458, 11.335301, 10.093565, 1830076160241163
1, -0.72692704, -0.39217222, 0.069517344, 1830076165246046
0, -3.456841, 10.585512, 9.788613, 1830076165246046
1, -0.7260508, -0.38491175, 0.067756355, 1830076170250929
0, -3.0417917, 9.654678, 8.959644, 1830076170250929
0, -2.763303, 8.381862, 7.589629, 1830076175255812
1, -0.72490656, -0.37726197, 0.06569189, 1830076175255812
0, -2.2389686, 7.1527176, 5.700026, 1830076180230177
1, -0.7237454, -0.36921975, 0.06323375, 1830076180230177
0, -1.9620292, 5.870225, 3.7752945, 1830076185235060
1, -0.7226093, -0.3611022, 0.06063928, 1830076185235060
0, -2.4426026, 4.26943, 1.3738284, 1830076190239943
1, -0.7217034, -0.35313952, 0.05806236, 1830076190239943
0, -3.2372856, 2.3116417, -1.2908313, 1830076195244825
1, -0.7212095, -0.34556532, 0.05576023, 1830076195244825
0, -3.6271536, 0.3324747, -2.9265387, 1830076200249708
1, -0.72116464, -0.33866304, 0.054140814, 1830076200249708
0, -3.3905356, -1.2368784, -3.8984985, 1830076205254591
1, -0.7213877, -0.33278206, 0.053492837, 1830076205254591
0, -2.4673727, -2.1370716, -4.90129, 1830076210259474
1, -0.72179306, -0.32815412, 0.053719126, 1830076210259474
1, -0.7224725, -0.32499796, 0.054566696, 1830076215233839
0, -0.565814, -2.7061348, -5.26495, 1830076215233839
0, 2.797949, -3.3798141, -4.43433, 1830076220238722
1, -0.7232871, -0.32382786, 0.055949744, 1830076220238722
0, 6.7523417, -4.2555046, -2.149453, 1830076225243605
1, -0.7241084, -0.3244687, 0.057153925, 1830076225243605
0, 9.587089, -3.8906794, 0.3843031, 1830076230248487
1, -0.72479504, -0.32618457, 0.057222098, 1830076230248487
1, -0.7256123, -0.3277933, 0.055240937, 1830076235253370
0, 10.035063, -1.4765406, -0.83181906, 1830076235253370
0, 8.928923, 0.8064766, -4.747823, 1830076240258253
1, -0.72673905, -0.32938948, 0.05164377, 1830076240258253
0, 7.0409017, 1.2001066, -8.074838, 1830076245263136
1, -0.72873265, -0.3306137, 0.046199005, 1830076245263136
0, 4.801259, -1.9007902, -11.332159, 1830076250237501
1, -0.7320153, -0.33141887, 0.038678054, 1830076250237501
1, -0.7364838, -0.33127317, 0.028392203, 1830076255242384
0, 2.9406772, -8.017041, -3.970285, 1830076255242384
1, -0.741605, -0.32850024, 0.014548258, 1830076260247267
0, -2.646802, -16.065582, 12.165018, 1830076260247267
1, -0.74627686, -0.32206196, -0.001856446, 1830076265252150
0, -12.833712, -25.462097, 27.770348, 1830076265252150
0, -20.295704, -31.138449, 24.59092, 1830076270257032
1, -0.7498193, -0.3127476, -0.01826755, 1830076270257032
0, -23.58779, -31.144161, -3.551574, 1830076275261915
1, -0.75231916, -0.30407682, -0.030201511, 1830076275261915
0, -15.0942745, -31.127018, -14.764416, 1830076280266798
1, -0.7546722, -0.29786512, -0.036705047, 1830076280266798
0, -3.0130181, -22.59327, 9.301627, 1830076285271681
1, -0.7564942, -0.2941334, -0.04057174, 1830076285271681
0, 1.8696425, -3.5262518, 16.075106, 1830076290246046
1, -0.7569855, -0.29076755, -0.044673022, 1830076290246046
0, 4.7726507, 9.689893, 6.6764994, 1830076295250929
1, -0.75610316, -0.2866704, -0.04956631, 1830076295250929
0, 7.022867, 16.5033, 0.5405798, 1830076300255812
1, -0.7550642, -0.28161228, -0.055650666, 1830076300255812
0, 6.910445, 19.613155, 5.760247, 1830076305260694
1, -0.75394577, -0.27678674, -0.06250827, 1830076305260694
0, 2.2989922, 15.745893, 5.6408997, 1830076310265577
1, -0.75290203, -0.27228636, -0.06980774, 1830076310265577
0, -4.1274033, 9.066749, 3.5487204, 1830076315270460
1, -0.752239, -0.26767865, -0.0767703, 1830076315270460
0, -7.802345, 5.3011103, 3.0804117, 1830076320275343
1, -0.7522369, -0.26180786, -0.08301482, 1830076320275343
0, -9.45363, 2.7823448, 4.121336, 1830076325249708
1, -0.7522626, -0.25525913, -0.08703855, 1830076325249708
0, -9.275836, -0.3630228, 6.097817, 1830076330254591
1, -0.75191313, -0.24822566, -0.088229075, 1830076330254591
0, -8.6996155, -4.574769, 4.8480062, 1830076335259474
1, -0.75120515, -0.2410012, -0.086256355, 1830076335259474
0, -7.963026, -8.282823, 3.8178616, 1830076340264357
1, -0.7503927, -0.23313339, -0.08183635, 1830076340264357
0, -6.645688, -10.877604, 4.0766106, 1830076345269239
1, -0.7494889, -0.22415581, -0.075853065, 1830076345269239
0, -4.0340137, -12.937963, 1.2137791, 1830076350274122
1, -0.74847484, -0.21424396, -0.06857566, 1830076350274122
0, -0.79568267, -15.902095, -3.7050972, 1830076355279005
1, -0.74757713, -0.20336573, -0.060457982, 1830076355279005
1, -0.74675393, -0.19145712, -0.05216288, 1830076360253370
0, 2.2192535, -19.798683, -4.1326103, 1830076360253370
1, -0.74562603, -0.17829001, -0.044390008, 1830076365258253
0, 5.2056146, -21.720947, -1.2391943, 1830076365258253
0, 8.245611, -22.263649, 1.0436969, 1830076370263136
1, -0.74381316, -0.16455454, -0.037570924, 1830076370263136
0, 11.252149, -23.014711, 1.3986503, 1830076375268019
1, -0.7412239, -0.15127106, -0.031611115, 1830076375268019
0, 14.79963, -23.97747, 1.0141525, 1830076380272902
1, -0.73763907, -0.1403503, -0.025334718, 1830076380272902
1, -0.7329434, -0.13207927, -0.018991036, 1830076385277784
0, 19.219467, -24.171246, 1.149703, 1830076385277784
0, 22.534954, -21.722132, 0.7613609, 1830076390282667
1, -0.7270771, -0.12630604, -0.013079273, 1830076390282667
1, -0.7204362, -0.12184355, -0.008599177, 1830076395257032
0, 23.420778, -16.90341, -1.7147956, 1830076395257032
0, 22.0792, -11.338057, -7.8845453, 1830076400261915
1, -0.7137295, -0.11770136, -0.005784691, 1830076400261915
0, 19.101728, -6.794837, -10.834442, 1830076405266798
1, -0.70768976, -0.11281695, -0.004878484, 1830076405266798
0, 15.003975, -4.121093, -10.702876, 1830076410271681
1, -0.7024177, -0.107120834, -0.005213594, 1830076410271681
1, -0.69789, -0.10084842, -0.006155955, 1830076415276564
0, 11.033737, -3.374628, -9.931326, 1830076415276564
1, -0.6939854, -0.09462077, -0.0068646544, 1830076420281446
0, 7.5239086, -2.997323, -8.288385, 1830076420281446
0, 4.7867255, -2.1556044, -6.277424, 1830076425286329
1, -0.69054204, -0.088898234, -0.006749338, 1830076425286329
0, 2.9803917, -1.6815739, -4.937155, 1830076430260694
1, -0.6874663, -0.08397389, -0.005432718, 1830076430260694
1, -0.6847268, -0.07979127, -0.0029357749, 1830076435265577
0, 2.1765752, -1.5098867, -4.6474123, 1830076435265577
1, -0.6824601, -0.07582797, 4.414788E-5, 1830076440270460
0, 2.059506, -1.0375042, -5.0187387, 1830076440270460
1, -0.6806529, -0.07161913, 0.0029603506, 1830076445275343
0, 2.226047, -0.69753265, -5.0713425, 1830076445275343
0, 2.9212914, -0.49729156, -4.3971014, 1830076450280226
1, -0.6790604, -0.0673038, 0.005873399, 1830076450280226
0, 3.8092716, 0.13176918, -3.484401, 1830076455285109
1, -0.67736346, -0.0633671, 0.0090930965, 1830076455285109
0, 4.7762012, 1.5186787, -3.4145594, 1830076460289991
1, -0.67549145, -0.059964444, 0.012517404, 1830076460289991
0, 5.3497963, 3.1483507, -4.1276593, 1830076465264357
1, -0.67354697, -0.05705007, 0.015866222, 1830076465264357
0, 5.6574035, 4.755436, -4.848418, 1830076470269239
1, -0.67162883, -0.054375816, 0.018899836, 1830076470269239
0, 5.3410997, 6.6559134, -4.7258887, 1830076475274122
1, -0.6697764, -0.05194194, 0.021526232, 1830076475274122
0, 3.532508, 8.050954, -4.308453, 1830076480279005
1, -0.6679899, -0.04976305, 0.02382044, 1830076480279005
0, 1.3834131, 9.0561495, -3.726706, 1830076485283888
1, -0.66622037, -0.04785238, 0.026003735, 1830076485283888
0, -0.32820094, 9.772475, -3.0422325, 1830076490288771
1, -0.66440105, -0.046270695, 0.028329547, 1830076490288771
1, -0.6624497, -0.04510166, 0.031011837, 1830076495293653
0, -1.490829, 10.494322, -2.2713675, 1830076495293653
0, -2.3252861, 11.472626, -1.4587966, 1830076500298536
1, -0.66032165, -0.044064026, 0.033893157, 1830076500298536
0, -2.1324556, 12.563458, -0.98321044, 1830076505272902
1, -0.6579937, -0.04321324, 0.037042692, 1830076505272902
0, -0.63377476, 13.319501, -1.8048788, 1830076510277784
1, -0.65554404, -0.0426565, 0.040460568, 1830076510277784
0, 2.0245433, 13.598418, -3.4553378, 1830076515282667
1, -0.65320635, -0.042753324, 0.0441425, 1830076515282667
0, 4.843859, 13.59301, -4.718241, 1830076520287550
1, -0.6511778, -0.043531887, 0.047693405, 1830076520287550
0, 6.828446, 13.100904, -4.795683, 1830076525292433
1, -0.6494942, -0.04497191, 0.0509058, 1830076525292433
0, 7.8958335, 12.433572, -4.350489, 1830076530297316
1, -0.6480951, -0.04678989, 0.053557478, 1830076530297316
0, 8.139568, 11.990336, -4.3515863, 1830076535302198
1, -0.64693457, -0.04868754, 0.055502385, 1830076535302198
0, 7.9466004, 11.625078, -4.807996, 1830076540276564
1, -0.6460344, -0.0506819, 0.05686697, 1830076540276564
0, 7.6800694, 10.955172, -5.2574587, 1830076545281446
1, -0.6453961, -0.052887987, 0.057712916, 1830076545281446
0, 6.8798475, 10.392184, -5.2124157, 1830076550286329
1, -0.6449788, -0.05538272, 0.058094446, 1830076550286329
0, 5.541038, 9.88066, -5.0554504, 1830076555291212
1, -0.64472115, -0.057947904, 0.05794742, 1830076555291212
0, 4.022931, 9.372529, -5.009691, 1830076560296095
1, -0.64459634, -0.06066471, 0.057577126, 1830076560296095
0, 2.361013, 8.937218, -4.868726, 1830076565300978
1, -0.6446381, -0.06338034, 0.05695725, 1830076565300978
0, 0.71462727, 8.54612, -4.5117273, 1830076570305860
1, -0.6448893, -0.06613877, 0.056238327, 1830076570305860
0, -0.580261, 8.156268, -3.720351, 1830076575280226
1, -0.6453637, -0.06898801, 0.055536937, 1830076575280226
0, -1.4213504, 7.9637327, -2.9852238, 1830076580285109
1, -0.64604956, -0.072079584, 0.054973993, 1830076580285109
0, -1.9934407, 7.869788, -2.4780767, 1830076585289991
1, -0.64687055, -0.07542265, 0.0545327, 1830076585289991
0, -2.4905913, 7.711344, -2.509113, 1830076590294874
1, -0.64776415, -0.07902904, 0.054221276, 1830076590294874
0, -3.1008673, 7.672513, -2.8103147, 1830076595299757
1, -0.6487243, -0.082866564, 0.05408978, 1830076595299757
0, -3.8510344, 7.873006, -3.080832, 1830076600304640
1, -0.64984655, -0.086660564, 0.05395873, 1830076600304640
0, -4.3183956, 8.119162, -3.2016416, 1830076605279005
1, -0.6512061, -0.09038134, 0.053887464, 1830076605279005
0, -4.668142, 8.43273, -3.031743, 1830076610283888
1, -0.65288126, -0.09409509, 0.053929072, 1830076610283888
0, -4.587922, 8.672514, -2.7514384, 1830076615288771
1, -0.6548563, -0.097712085, 0.054072537, 1830076615288771
0, -3.5087242, 8.821691, -2.6174583, 1830076620293653
1, -0.6570842, -0.10139097, 0.054433543, 1830076620293653
1, -0.6595101, -0.10534998, 0.055019427, 1830076625298536
0, -2.2331085, 8.93974, -2.8026452, 1830076625298536
0, -1.2139219, 8.739403, -2.6914177, 1830076630303419
1, -0.66211075, -0.10976487, 0.055795573, 1830076630303419
0, -0.37384236, 7.790531, -2.236082, 1830076635308302
1, -0.66495734, -0.11470264, 0.056672357, 1830076635308302
0, 0.40603298, 6.3787117, -0.9808587, 1830076640313185
1, -0.66828907, -0.12003766, 0.05737665, 1830076640313185
0, 1.4686272, 4.7240925, 1.9537568, 1830076645287550
1, -0.6722093, -0.1258216, 0.057773326, 1830076645287550
0, 2.6345417, 2.8158207, 5.6426463, 1830076650292433
1, -0.67656857, -0.13201185, 0.05747153, 1830076650292433
0, 3.7939172, 0.08094883, 8.0546, 1830076655297316
1, -0.6808358, -0.1385877, 0.056423686, 1830076655297316
0, 6.1063013, -3.2192268, 8.295884, 1830076660302198
1, -0.6847017, -0.14591277, 0.055149943, 1830076660302198
0, 9.364444, -6.0935364, 6.4261613, 1830076665307081
1, -0.68809974, -0.15497659, 0.054881476, 1830076665307081
0, 14.890534, -9.630247, 1.8735591, 1830076670311964
1, -0.6912184, -0.16671133, 0.056434706, 1830076670311964
0, 22.566086, -15.0623, -4.085465, 1830076675316847
1, -0.69413, -0.18209453, 0.059759587, 1830076675316847
0, 26.939455, -20.667816, -5.532798, 1830076680291212
1, -0.69649005, -0.20039885, 0.06319256, 1830076680291212
0, 23.83549, -26.367218, -4.8031583, 1830076685296095
1, -0.6981572, -0.22008897, 0.065154165, 1830076685296095
0, 14.690141, -30.118214, -6.1293063, 1830076690300978
1, -0.6999563, -0.23870835, 0.06421815, 1830076690300978
0, 2.4849625, -30.15673, -6.439439, 1830076695305860
1, -0.70292544, -0.2536764, 0.059698828, 1830076695305860
0, -5.2716336, -30.201412, -6.304065, 1830076700310743
1, -0.7072473, -0.263825, 0.052268904, 1830076700310743
0, -6.3790474, -30.248127, -6.7171674, 1830076705315626
1, -0.71254736, -0.27010605, 0.042964548, 1830076705315626
0, -6.686338, -30.298897, -6.7333913, 1830076710320509
1, -0.718528, -0.27394494, 0.032452498, 1830076710320509
0, -7.3677154, -30.354534, -4.9352217, 1830076715294874
1, -0.7250031, -0.27614874, 0.02139893, 1830076715294874
0, -8.193606, -30.41433, 0.3934164, 1830076720299757
1, -0.73167634, -0.27725855, 0.010491835, 1830076720299757
0, -7.6328354, -30.404224, 7.113716, 1830076725304640
1, -0.737694, -0.27881777, 0.0022626691, 1830076725304640
0, -3.8607943, -27.05176, 7.6393256, 1830076730309523
1, -0.74244565, -0.28367555, -5.816398E-4, 1830076730309523
0, 1.5488868, -22.641607, 3.8527837, 1830076735283888
1, -0.74610734, -0.2919642, 6.986121E-4, 1830076735283888
0, 6.7536235, -18.311588, -2.0349665, 1830076740288771
1, -0.7491361, -0.30299062, 0.0038117853, 1830076740288771
0, 11.647803, -13.961823, -5.4202776, 1830076745293653
1, -0.7518583, -0.31510323, 0.0064296178, 1830076745293653
0, 15.327673, -11.729791, -6.4009666, 1830076750298536
1, -0.7541351, -0.3272018, 0.007450828, 1830076750298536
0, 17.613585, -11.712787, -5.6575327, 1830076755303419
1, -0.755682, -0.3389603, 0.0064786854, 1830076755303419
0, 17.11536, -12.454773, -3.5713344, 1830076760308302
1, -0.7563843, -0.35048518, 0.004080201, 1830076760308302
0, 15.606111, -13.064763, -2.448062, 1830076765313185
1, -0.7561775, -0.36212325, 0.0017255133, 1830076765313185
0, 14.995363, -13.042832, -2.0487943, 1830076770318068
1, -0.7550381, -0.37420756, 6.49201E-4, 1830076770318068
0, 14.193058, -12.047247, -1.8239584, 1830076775322950
1, -0.7531225, -0.38650885, 9.200135E-4, 1830076775322950
0, 13.288696, -11.0968685, -0.6666832, 1830076780327833
1, -0.7506229, -0.39855182, 0.0021570292, 1830076780327833
0, 10.56204, -9.938602, 0.5302048, 1830076785332716
1, -0.74774766, -0.41002733, 0.004375939, 1830076785332716
0, 6.7630806, -7.5709805, 1.4579535, 1830076790337599
1, -0.7446784, -0.42085627, 0.0077903653, 1830076790337599
0, 3.3357005, -5.064515, 2.506958, 1830076795311964
1, -0.74160755, -0.43077025, 0.0120899575, 1830076795311964
0, 0.115104675, -2.2704072, 2.9933624, 1830076800316847
1, -0.7385273, -0.43989697, 0.017080521, 1830076800316847
0, -2.3512998, 0.47849703, 3.4561281, 1830076805321730
1, -0.73563987, -0.44809532, 0.02240819, 1830076805321730
1, -0.7329116, -0.45552298, 0.027853042, 1830076810326612
0, -5.155424, 2.7125492, 3.9728632, 1830076810326612
0, -8.053384, 4.089467, 3.9267206, 1830076815331495
1, -0.7302874, -0.46206462, 0.03302764, 1830076815331495
1, -0.72783107, -0.46756396, 0.037665017, 1830076820305860
0, -9.751514, 5.0808873, 4.17587, 1830076820305860
0, -10.532579, 5.9539227, 4.5697703, 1830076825310743
1, -0.725422, -0.47237483, 0.04195152, 1830076825310743
1, -0.7232689, -0.47627425, 0.045710504, 1830076830315626
0, -10.786827, 6.90912, 4.911212, 1830076830315626
1, -0.7214602, -0.47926152, 0.048825804, 1830076835320509
0, -10.488857, 7.983206, 5.2095246, 1830076835320509
1, -0.7200808, -0.4813266, 0.051190306, 1830076840325392
0, -10.199572, 8.961635, 5.519238, 1830076840325392
0, -10.352599, 10.209333, 6.025423, 1830076845330275
1, -0.71895075, -0.48280397, 0.052966703, 1830076845330275
1, -0.7181262, -0.4836579, 0.05411354, 1830076850335157
0, -10.348993, 11.73977, 7.240893, 1830076850335157
1, -0.71754634, -0.48388934, 0.054745533, 1830076855309523
0, -10.209475, 12.730922, 9.326716, 1830076855309523
1, -0.7170358, -0.48353213, 0.054952923, 1830076860314405
0, -8.844085, 12.822166, 11.38876, 1830076860314405
0, -7.239133, 12.685432, 12.891548, 1830076865319288
1, -0.716472, -0.48278865, 0.055040393, 1830076865319288
1, -0.71572334, -0.4819445, 0.055339478, 1830076870324171
0, -6.231919, 13.012676, 13.772036, 1830076870324171
1, -0.71475905, -0.4811152, 0.055943538, 1830076875329054
0, -6.221197, 13.669048, 13.871025, 1830076875329054
0, -7.413617, 14.146321, 12.949274, 1830076880333937
1, -0.71374935, -0.4801782, 0.056797322, 1830076880333937
1, -0.71273303, -0.47924033, 0.057972874, 1830076885338819
0, -9.175735, 14.292772, 11.493675, 1830076885338819
1, -0.7119321, -0.4780621, 0.059299044, 1830076890343702
0, -11.21954, 14.019332, 10.138046, 1830076890343702
1, -0.7114707, -0.4764846, 0.060607538, 1830076895318068
0, -12.91596, 13.699108, 8.758475, 1830076895318068
1, -0.71138865, -0.47438365, 0.061745133, 1830076900322950
0, -14.118324, 13.152929, 7.112302, 1830076900322950
1, -0.71181756, -0.4715029, 0.062470347, 1830076905327833
0, -14.617164, 12.495598, 6.292746, 1830076905327833
0, -14.344532, 12.231194, 6.04882, 1830076910332716
1, -0.71263665, -0.46777335, 0.06275827, 1830076910332716
0, -13.214533, 12.328533, 6.489901, 1830076915337599
1, -0.71369416, -0.46323267, 0.06253654, 1830076915337599
1, -0.7146854, -0.4580447, 0.06174872, 1830076920342482
0, -11.317888, 12.696582, 7.768922, 1830076920342482
0, -9.43656, 13.089479, 9.209791, 1830076925347364
1, -0.71544814, -0.45210594, 0.06020599, 1830076925347364
1, -0.7158263, -0.44543317, 0.05788179, 1830076930352247
0, -8.204203, 13.024513, 9.868543, 1830076930352247
1, -0.7158455, -0.4379409, 0.054715075, 1830076935326612
0, -7.5816064, 12.49212, 9.953627, 1830076935326612
1, -0.7155228, -0.4295178, 0.050740395, 1830076940331495
0, -7.0946245, 11.667807, 9.692165, 1830076940331495
1, -0.71486866, -0.42031255, 0.046136245, 1830076945336378
0, -6.627059, 10.742152, 9.080628, 1830076945336378
0, -6.211276, 9.534751, 8.001333, 1830076950341261
1, -0.7139561, -0.41041806, 0.041034643, 1830076950341261
0, -5.8652287, 8.094938, 6.4262323, 1830076955346144
1, -0.7128881, -0.39995942, 0.035592377, 1830076955346144
1, -0.7117708, -0.38915646, 0.03003319, 1830076960351027
0, -5.65014, 6.448012, 4.46731, 1830076960351027
1, -0.71079516, -0.37809527, 0.024458356, 1830076965355909
0, -5.4842615, 4.6169767, 2.5668607, 1830076965355909
1, -0.7100932, -0.36724454, 0.01930574, 1830076970330275
0, -5.3953876, 2.632082, 0.19863272, 1830076970330275
1, -0.70987386, -0.3569582, 0.015018322, 1830076975335157
0, -5.2074594, 0.37878323, -3.0010066, 1830076975335157
1, -0.7101798, -0.34794852, 0.0121767195, 1830076980340040
0, -4.2995605, -2.016675, -5.8780537, 1830076980340040
1, -0.7109543, -0.34049118, 0.010749388, 1830076985344923
0, -2.1211965, -4.1483736, -7.840523, 1830076985344923
1, -0.7120319, -0.3349166, 0.010433618, 1830076990349806
0, 1.2057912, -5.9021015, -8.856468, 1830076990349806
1, -0.7134395, -0.33148107, 0.010654167, 1830076995354689
0, 5.4844017, -7.1539764, -8.0637665, 1830076995354689
1, -0.71508116, -0.33032742, 0.0107574565, 1830077000359571
0, 10.141093, -8.105135, -5.648305, 1830077000359571
0, 13.224485, -8.166684, -2.936863, 1830077005364454
0, 12.944865, -5.048648, -2.1948903, 1830077010338819
1, -0.7166501, -0.33097017, 0.009851824, 1830077005364454
1, -0.718102, -0.33218873, 0.0070006447, 1830077010338819
1, -0.71960497, -0.33328515, 0.0023922904, 1830077015343702
0, 10.624181, -0.9307499, -4.1020784, 1830077015343702
1, -0.7214508, -0.3341858, -0.0033136068, 1830077020348585
0, 7.712533, 1.8374834, -6.462859, 1830077020348585
1, -0.7238485, -0.3348482, -0.009889158, 1830077025353468
0, 5.2468433, 3.8786583, -5.3169374, 1830077025353468
1, -0.7266107, -0.33511603, -0.017392445, 1830077030358351
0, 3.640319, 4.70815, 0.037431955, 1830077030358351
1, -0.7293057, -0.334429, -0.026140377, 1830077035363234
0, 1.1037974, 3.679021, 9.069082, 1830077035363234
1, -0.7314662, -0.33238032, -0.03612468, 1830077040368116
0, -3.7609653, 0.61091805, 19.090761, 1830077040368116
1, -0.73267317, -0.3282193, -0.047293913, 1830077045342482
0, -10.00619, -3.4072633, 30.709156, 1830077045342482
1, -0.7325204, -0.32192084, -0.059166145, 1830077050347364
0, -16.171194, -9.622978, 30.695057, 1830077050347364
1, -0.7323163, -0.31341708, -0.07007069, 1830077055352247
0, -23.639437, -18.010422, 13.855622, 1830077055352247
1, -0.73431295, -0.30481845, -0.076722845, 1830077060357130
0, -29.755241, -31.403996, -26.26162, 1830077060357130
1, -0.7386082, -0.3001825, -0.07562135, 1830077065362013
0, -24.187317, -31.357883, -28.093956, 1830077065362013
1, -0.7417354, -0.2975418, -0.07084031, 1830077070366896
0, -4.727338, -31.29806, 13.248812, 1830077070366896
1, -0.7418402, -0.29398343, -0.06994726, 1830077075371778
0, 10.587213, -9.991394, 13.167584, 1830077075371778
1, -0.73994756, -0.28897813, -0.07333158, 1830077080346144
0, 18.128077, 7.491522, 1.3886087, 1830077080346144
1, -0.73799706, -0.28432333, -0.07813693, 1830077085351027
0, 19.012962, 12.750275, -5.1661763, 1830077085351027
1, -0.73673445, -0.28066766, -0.08361004, 1830077090355909
0, 12.187448, 7.8956966, -1.8716741, 1830077090355909
1, -0.73624974, -0.27652323, -0.08957657, 1830077095360792
0, 1.3029032, -1.2707348, 2.029392, 1830077095360792
1, -0.73614323, -0.27160016, -0.094738275, 1830077100365675
0, -3.8735304, -5.9680986, 3.463118, 1830077100365675
1, -0.736337, -0.26554435, -0.09859619, 1830077105370558
0, -6.5585933, -6.491008, 3.6423085, 1830077105370558
1, -0.7363535, -0.25855404, -0.10059984, 1830077110375441
0, -8.663477, -5.969925, 5.127573, 1830077110375441
1, -0.73610836, -0.25090098, -0.10055351, 1830077115349806
0, -8.627398, -4.5227222, 4.7597265, 1830077115349806
1, -0.73563176, -0.24292675, -0.09823426, 1830077120354689
0, -8.397249, -4.465967, 5.2084002, 1830077120354689
1, -0.73519677, -0.23350139, -0.09504047, 1830077125359571
0, -8.520485, -6.1876764, 5.0473022, 1830077125359571
1, -0.7347402, -0.2222772, -0.09164819, 1830077130364454
0, -7.3982773, -8.676691, 2.5019426, 1830077130364454
1, -0.734351, -0.20947462, -0.08827711, 1830077135369337
0, -4.718237, -10.599276, -0.9848145, 1830077135369337
1, -0.7340091, -0.19580476, -0.084700264, 1830077140374220
0, -2.0803301, -11.903549, -1.5397575, 1830077140374220
1, -0.73354524, -0.18149, -0.08105217, 1830077145379103
0, 0.2646489, -14.078315, -0.0051299334, 1830077145379103
1, -0.7327385, -0.16691257, -0.07734407, 1830077150353468
0, 2.513019, -16.978706, 1.0282736, 1830077150353468
1, -0.73137444, -0.15229365, -0.073323645, 1830077155358351
0, 5.053833, -19.02274, 2.0155854, 1830077155358351
1, -0.7291552, -0.13867529, -0.06843779, 1830077160363234
0, 8.626898, -19.742054, 3.1118867, 1830077160363234
1, -0.7257839, -0.12686281, -0.062486682, 1830077165368116
0, 13.276872, -20.47689, 3.8588169, 1830077165368116
1, -0.7210953, -0.117090315, -0.055735145, 1830077170372999
0, 17.899551, -21.566206, 3.1851835, 1830077170372999
1, -0.7152793, -0.10889653, -0.048929058, 1830077175377882
0, 22.940132, -21.867962, 1.5208654, 1830077175377882
1, -0.708766, -0.10187133, -0.042839404, 1830077180382765
0, 27.972166, -20.430517, -1.9558879, 1830077180382765
1, -0.7022736, -0.09588135, -0.037962716, 1830077185357130
0, 31.456915, -15.977625, -7.291176, 1830077185357130
1, -0.6962256, -0.09091236, -0.03413961, 1830077190362013
0, 31.409712, -10.0635605, -10.372663, 1830077190362013
1, -0.69074965, -0.08714411, -0.031112248, 1830077195366896
0, 27.64895, -4.82158, -9.796044, 1830077195366896
1, -0.68574435, -0.084637485, -0.02840054, 1830077200371778
0, 21.131948, -1.4109182, -8.353589, 1830077200371778
0, 13.606972, -0.07253647, -7.263795, 1830077205376661
1, -0.6812498, -0.082521565, -0.025913227, 1830077205376661
0, 7.742571, 0.5451145, -5.6871614, 1830077210381544
1, -0.67721486, -0.08029945, -0.023314241, 1830077210381544
0, 3.4024067, 1.0372238, -4.638628, 1830077215386427
1, -0.6735796, -0.0778069, -0.0203891, 1830077215386427
0, 1.1066881, 1.0077791, -5.4987264, 1830077220360792
1, -0.6704429, -0.075340524, -0.016759403, 1830077220360792
1, -0.66786814, -0.072944984, -0.012441314, 1830077225365675
0, 0.32293558, 0.8787937, -6.0704594, 1830077225365675
1, -0.6657342, -0.07082758, -0.0074518016, 1830077230370558
0, 0.042256832, 1.233573, -5.2384357, 1830077230370558
0, 0.1782887, 1.9872599, -4.2784777, 1830077235375441
1, -0.663864, -0.06906201, -0.0018890931, 1830077235375441
0, 0.90288144, 3.1531744, -3.719994, 1830077240380323
1, -0.66214323, -0.0677822, 0.004179517, 1830077240380323
0, 1.7760584, 4.1444206, -3.4477034, 1830077245385206
1, -0.66052717, -0.06668364, 0.010098216, 1830077245385206
0, 2.3272092, 5.1090508, -3.6236255, 1830077250390089
1, -0.65893984, -0.06589712, 0.015728632, 1830077250390089
0, 2.8252783, 5.850747, -3.6794767, 1830077255364454
1, -0.6573187, -0.0654836, 0.02083887, 1830077255364454
0, 1.9666615, 6.2214584, -3.2377558, 1830077260369337
1, -0.655569, -0.0651491, 0.025205005, 1830077260369337
0, 0.18972027, 6.5899506, -3.0586903, 1830077265374220
1, -0.65365094, -0.06477553, 0.028901128, 1830077265374220
0, -1.9062326, 6.9181147, -3.2953353, 1830077270379103
1, -0.65158004, -0.06424307, 0.032031834, 1830077270379103
0, -4.145647, 7.4599752, -3.7515554, 1830077275383985
1, -0.6494421, -0.06354283, 0.03482206, 1830077275383985
0, -5.8034124, 7.9265785, -4.175082, 1830077280388868
1, -0.6473584, -0.06274638, 0.037498925, 1830077280388868
1, -0.6454227, -0.0620764, 0.04034477, 1830077285393751
0, -6.1511984, 8.399895, -4.692377, 1830077285393751
1, -0.6437233, -0.061837103, 0.04344681, 1830077290368116
0, -4.177089, 9.193658, -5.365147, 1830077290368116
1, -0.64232314, -0.06229474, 0.04672533, 1830077295372999
0, -0.9105352, 10.090258, -6.00692, 1830077295372999
