0, 9.206322, -16.63752, -2.9781442, 1830028573008137
1, 0.04739714, -0.79346806, 0.5778059, 1830028573008137
1, 0.053286336, -0.79645145, 0.5727895, 1830028578013020
0, 8.323999, -15.660476, -3.5631957, 1830028578013020
0, 7.7645497, -15.016771, -3.027006, 1830028583017903
1, 0.058932688, -0.79934156, 0.5681188, 1830028583017903
0, 6.997656, -14.717433, -2.322396, 1830028587992268
1, 0.064526565, -0.80198205, 0.5639753, 1830028587992268
1, 0.06995275, -0.80434495, 0.56029606, 1830028592966633
0, 6.947381, -14.260551, -1.5680237, 1830028592966633
1, 0.075839855, -0.8063877, 0.55717677, 1830028597940999
0, 5.940981, -13.171015, -1.2116408, 1830028597940999
1, 0.08132305, -0.8082329, 0.5543453, 1830028602976399
0, 4.9664516, -11.82782, -0.8211005, 1830028602976399
1, 0.08688872, -0.8098077, 0.55196387, 1830028607981282
0, 3.6866314, -10.252133, -0.17497158, 1830028607981282
1, 0.09269114, -0.81113064, 0.54998875, 1830028612986165
0, 2.0526335, -8.141267, 0.46186185, 1830028612986165
1, 0.09911035, -0.81219363, 0.54841244, 1830028617991048
0, 0.28125596, -5.795597, 1.1599863, 1830028617991048
1, 0.1052611, -0.81311244, 0.5469905, 1830028622995930
0, -1.4184134, -3.5629425, 1.9725199, 1830028622995930
0, -3.0326612, -1.6537657, 2.8206286, 1830028628000813
1, 0.11143222, -0.813858, 0.5457706, 1830028628000813
0, -4.6824327, -0.062091827, 3.5100436, 1830028633005696
1, 0.11751271, -0.81443334, 0.54477423, 1830028633005696
0, -6.150387, 1.612894, 3.9907873, 1830028638010579
1, 0.12375533, -0.8148108, 0.54407424, 1830028638010579
0, -7.2013702, 3.5797586, 4.3562555, 1830028643015462
1, 0.12909353, -0.81515914, 0.5434674, 1830028643015462
0, -7.841484, 5.4341946, 4.488257, 1830028647989827
1, 0.13377243, -0.81542474, 0.5430343, 1830028647989827
0, -8.218193, 7.159133, 4.444647, 1830028652994710
1, 0.13773932, -0.815636, 0.54273677, 1830028652994710
0, -8.34966, 8.627636, 4.2588105, 1830028657969075
1, 0.14129086, -0.8157429, 0.5426259, 1830028657969075
0, -7.9617467, 9.6004305, 4.0272202, 1830028662973958
1, 0.1436782, -0.8158955, 0.5425455, 1830028662973958
0, -7.3213844, 10.204469, 4.149262, 1830028667978840
1, 0.14534734, -0.8160056, 0.5425934, 1830028667978840
1, 0.1463888, -0.8161007, 0.54274184, 1830028672983723
0, -7.141138, 11.159576, 4.455969, 1830028672983723
1, 0.14713922, -0.81612235, 0.543079, 1830028677988606
0, -7.07897, 12.470915, 4.96152, 1830028677988606
1, 0.14667118, -0.8161635, 0.5435887, 1830028682993489
0, -6.9542036, 13.910025, 5.457576, 1830028682993489
0, -6.515238, 15.178751, 5.8516016, 1830028687998372
1, 0.14536169, -0.81610096, 0.54442286, 1830028687998372
0, -5.8507752, 15.677035, 6.2824364, 1830028693003255
1, 0.14329632, -0.81590295, 0.5456171, 1830028693003255
0, -5.1453857, 15.689279, 6.52728, 1830028698008137
1, 0.14124407, -0.8154172, 0.5472724, 1830028698008137
1, 0.13820727, -0.8148888, 0.5491062, 1830028703013020
0, -4.7660637, 15.872166, 6.4975567, 1830028703013020
0, -4.40471, 16.11113, 6.395669, 1830028707987385
1, 0.13486408, -0.81431, 0.5510358, 1830028707987385
1, 0.13122976, -0.8137441, 0.5529547, 1830028712992268
0, -4.346513, 16.19915, 6.3220253, 1830028712992268
1, 0.12784882, -0.81313044, 0.5548946, 1830028717997151
0, -4.9893827, 15.963257, 6.428364, 1830028717997151
1, 0.123686865, -0.8125715, 0.5567895, 1830028723002034
0, -5.8137507, 15.64353, 6.8205376, 1830028723002034
1, 0.11917994, -0.8118517, 0.5588962, 1830028728006917
0, -6.1261377, 15.526064, 7.664084, 1830028728006917
1, 0.11434622, -0.81078225, 0.56143194, 1830028733011799
0, -5.9896097, 15.449105, 8.524901, 1830028733011799
1, 0.10996349, -0.8091686, 0.5645697, 1830028737986165
0, -5.252425, 15.290522, 8.680075, 1830028737986165
1, 0.10485363, -0.8071228, 0.56817466, 1830028742991048
0, -4.523691, 14.741962, 8.365505, 1830028742991048
0, -4.1011195, 13.720996, 7.804117, 1830028747965413
1, 0.10000623, -0.80458397, 0.5722539, 1830028747965413
0, -3.9183342, 12.414587, 6.9299955, 1830028753000813
1, 0.09541049, -0.8015857, 0.57676893, 1830028753000813
1, 0.09162836, -0.7982592, 0.58154464, 1830028758005696
0, -3.897322, 10.981506, 5.6797843, 1830028758005696
1, 0.08744124, -0.794868, 0.586236, 1830028763010579
0, -4.225874, 9.475968, 4.274983, 1830028763010579
1, 0.08329309, -0.79149914, 0.590737, 1830028768015462
0, -4.5723543, 8.052625, 2.8466089, 1830028768015462
0, -4.8255053, 6.753912, 1.5561311, 1830028773020344
1, 0.07911996, -0.7882784, 0.5948981, 1830028773020344
0, -4.962688, 5.632145, 0.07162428, 1830028778025227
1, 0.07557721, -0.78525746, 0.5987096, 1830028778025227
0, -4.7651596, 4.5843716, -1.8432345, 1830028783030110
1, 0.071339935, -0.7826746, 0.6018284, 1830028783030110
0, -4.2037697, 3.6052628, -6.1322346, 1830028788004475
1, 0.06734287, -0.7806919, 0.6041236, 1830028788004475
0, -3.1561105, 2.420703, -9.906754, 1830028792978840
1, 0.06396398, -0.7795712, 0.60533226, 1830028792978840
1, 0.061309226, -0.7791239, 0.60566986, 1830028797983723
0, -1.1469903, 1.1760168, -7.3932076, 1830028797983723
0, 1.1311893, 0.086904526, -2.5154743, 1830028802988606
1, 0.05974291, -0.7788588, 0.60567826, 1830028802988606
0, 3.0289009, -0.5620146, 0.10129857, 1830028807993489
1, 0.05803831, -0.7786481, 0.6053067, 1830028807993489
0, 4.184075, -0.81193924, 0.9427414, 1830028812998372
1, 0.056852393, -0.77843124, 0.6046737, 1830028812998372
0, 4.4118986, -0.53351116, 1.3315926, 1830028818003255
1, 0.056249008, -0.77825075, 0.6037959, 1830028818003255
1, 0.056797113, -0.7780621, 0.60286504, 1830028823008137
0, 4.3007355, 0.5105219, 1.5524027, 1830028823008137
0, 4.3036766, 2.2507648, 1.5324974, 1830028827982503
1, 0.056675866, -0.7778928, 0.60162187, 1830028827982503
1, 0.056064665, -0.7775194, 0.6002752, 1830028832987385
0, 4.4154434, 4.3419113, 2.6182663, 1830028832987385
1, 0.05468462, -0.77683836, 0.5989045, 1830028837992268
0, 4.10157, 6.2846413, 4.0160303, 1830028837992268
1, 0.053081103, -0.7757161, 0.5977451, 1830028842997151
0, 3.9621925, 7.6090717, 4.9571595, 1830028842997151
0, 3.2974927, 8.212834, 6.9576902, 1830028848002034
1, 0.050568722, -0.7740434, 0.5967429, 1830028848002034
1, 0.04835089, -0.7715722, 0.596458, 1830028853006917
0, 0.06022358, 7.528242, 10.496575, 1830028853006917
1, 0.047007594, -0.76835144, 0.5971989, 1830028858011799
0, -5.2177815, 5.05715, 12.157862, 1830028858011799
0, -10.564995, 1.546155, 9.24947, 1830028862986165
1, 0.047464315, -0.76476717, 0.598933, 1830028862986165
0, -16.268427, -1.6671133, 4.9532647, 1830028867991048
1, 0.04862544, -0.76121736, 0.6010833, 1830028867991048
0, -19.431955, -4.6067495, -2.310433, 1830028872995930
1, 0.05115848, -0.7582517, 0.6034277, 1830028872995930
0, -27.465382, -13.777237, -37.736076, 1830028878000813
1, 0.05717285, -0.7586945, 0.6038364, 1830028878000813
1, 0.06537722, -0.76492333, 0.59978527, 1830028883005696
0, -33.62571, -26.824266, -37.53416, 1830028883005696
1, 0.0686572, -0.7711494, 0.59542584, 1830028888010579
0, -22.784527, -29.080872, 12.291435, 1830028888010579
0, -7.338049, -23.637232, 41.15745, 1830028892984944
1, 0.06777784, -0.772698, 0.5956237, 1830028892984944
0, 3.2726593, -19.699364, 30.665924, 1830028898020344
1, 0.065336354, -0.7706417, 0.59914345, 1830028898020344
0, 9.424353, -14.154244, 16.76726, 1830028903025227
1, 0.060192835, -0.7666077, 0.6034747, 1830028903025227
1, 0.05154564, -0.76166445, 0.60739547, 1830028908030110
0, 10.691603, -6.823004, 9.950783, 1830028908030110
0, 8.363025, -2.9340696, 3.3437464, 1830028913004475
1, 0.0435219, -0.75695884, 0.61063045, 1830028913004475
1, 0.037940536, -0.75350124, 0.612747, 1830028918009358
0, 2.9222422, -4.2268896, -9.400167, 1830028918009358
1, 0.034559883, -0.7519285, 0.61352783, 1830028923014241
0, -3.2345202, -8.520792, -17.967203, 1830028923014241
0, -7.539543, -11.57557, -9.599281, 1830028928019124
1, 0.031073134, -0.7514548, 0.6136946, 1830028928019124
0, -8.372373, -11.144203, -1.4837916, 1830028933024007
1, 0.027046032, -0.75112545, 0.61430883, 1830028933024007
1, 0.02231618, -0.7505718, 0.61565953, 1830028938028889
0, -7.078308, -8.950515, 1.0129519, 1830028938028889
1, 0.017429681, -0.7497086, 0.6178799, 1830028943003255
0, -6.337563, -7.5549536, 1.5740323, 1830028943003255
0, -5.6757355, -7.4907074, 0.8527274, 1830028948008137
1, 0.01134647, -0.74861234, 0.62057024, 1830028948008137
1, 0.0044750525, -0.7472911, 0.6237105, 1830028953013020
0, -4.231821, -8.160562, -0.02439773, 1830028953013020
0, -2.531109, -9.235966, -0.50706947, 1830028958017903
1, -0.0032342544, -0.74570745, 0.62719, 1830028958017903
1, -0.011103381, -0.743888, 0.63113564, 1830028963022786
0, -1.2635226, -11.4999895, -1.020116, 1830028963022786
1, -0.02080527, -0.7418453, 0.63497263, 1830028968027669
0, 0.30417728, -14.151271, -0.7955722, 1830028968027669
1, -0.031508666, -0.7395113, 0.6389225, 1830028973032551
0, 2.4004438, -16.253498, 0.3666954, 1830028973032551
1, -0.04283872, -0.7366589, 0.6431396, 1830028978037434
0, 5.3900023, -18.15382, 1.8095686, 1830028978037434
0, 8.798048, -19.869518, 2.944977, 1830028983042317
1, -0.053210977, -0.7331543, 0.6480411, 1830028983042317
0, 12.160396, -20.943823, 4.019139, 1830028988047200
1, -0.06351355, -0.7288634, 0.6532624, 1830028988047200
0, 14.999792, -20.886276, 4.499038, 1830028993052083
1, -0.07232151, -0.72387666, 0.65906316, 1830028993052083
0, 17.531515, -19.52935, 4.0310597, 1830028998056965
1, -0.07963292, -0.7182702, 0.66526335, 1830028998056965
0, 19.099174, -17.176365, 2.3708668, 1830029003031331
1, -0.08472021, -0.71233356, 0.6717977, 1830029003031331
0, 19.178507, -13.791663, -0.39060736, 1830029008036214
1, -0.090249814, -0.70594096, 0.6779194, 1830029008036214
0, 18.556885, -10.183517, -3.140989, 1830029013041096
1, -0.09565912, -0.69936764, 0.68370575, 1830029013041096
1, -0.10093117, -0.69288117, 0.6890174, 1830029018045979
0, 17.370998, -7.0733566, -7.127294, 1830029018045979
1, -0.10494951, -0.6872161, 0.6937471, 1830029023050862
0, 14.709905, -4.576565, -12.42755, 1830029023050862
0, 11.3552685, -2.7857437, -15.204643, 1830029028055745
1, -0.1090084, -0.68270636, 0.6972564, 1830029028055745
1, -0.11231154, -0.67952967, 0.6998578, 1830029033030110
0, 8.21145, -1.3105745, -12.613517, 1830029033030110
1, -0.11497835, -0.67730355, 0.7019625, 1830029038034993
0, 5.5343604, -0.12584019, -7.597558, 1830029038034993
1, -0.116589084, -0.6756836, 0.7041349, 1830029043039876
0, 3.6752822, 0.7425804, -3.003108, 1830029043039876
1, -0.1191075, -0.6740115, 0.7060594, 1830029048044758
0, 3.1129365, 1.3851414, -0.9242357, 1830029048044758
1, -0.121723115, -0.6723272, 0.70798194, 1830029053049641
0, 2.879344, 1.7798882, -1.7800815, 1830029053049641
1, -0.12408069, -0.67069554, 0.70996106, 1830029058054524
0, 2.7213058, 2.3669147, -3.0710998, 1830029058054524
0, 2.5364332, 2.9618292, -4.3505516, 1830029063059407
1, -0.12521988, -0.6693524, 0.7121625, 1830029063059407
0, 3.1068246, 3.897049, -5.2437453, 1830029068033772
1, -0.12676604, -0.6680438, 0.71406937, 1830029068033772
0, 3.3985333, 4.832609, -5.6082115, 1830029073038655
1, -0.1279288, -0.6668743, 0.71589017, 1830029073038655
0, 3.7614148, 5.670388, -5.57553, 1830029078043538
1, -0.12883134, -0.6657351, 0.71763575, 1830029078043538
0, 3.8681707, 6.6304455, -5.4808683, 1830029083048421
1, -0.12878013, -0.6646716, 0.71952266, 1830029083048421
0, 3.2210562, 7.3132544, -5.766438, 1830029088053303
1, -0.12925495, -0.66333264, 0.7212671, 1830029088053303
1, -0.12942965, -0.6618561, 0.7231075, 1830029093058186
0, 2.0775213, 7.774233, -5.8821425, 1830029093058186
1, -0.12928796, -0.660288, 0.7250299, 1830029098063069
0, 0.64932984, 8.042601, -5.450978, 1830029098063069
0, -0.8445794, 8.149932, -4.9067087, 1830029103067952
1, -0.12799807, -0.6588651, 0.7271708, 1830029103067952
1, -0.12696429, -0.6573889, 0.7291802, 1830029108072835
0, -2.2373915, 8.467355, -4.170754, 1830029108072835
1, -0.12545417, -0.6560843, 0.7311748, 1830029113077717
0, -3.093962, 8.901643, -3.4061105, 1830029113077717
1, -0.12359577, -0.65506196, 0.7330231, 1830029118052083
0, -2.9226398, 9.512791, -3.0905032, 1830029118052083
0, -1.544339, 10.097745, -3.0054011, 1830029123056965
1, -0.12093459, -0.6545234, 0.73470706, 1830029123056965
1, -0.11879259, -0.65429866, 0.7358593, 1830029128061848
0, 1.1653492, 10.673564, -2.9477634, 1830029128061848
0, 3.8198783, 11.491472, -2.3384898, 1830029133066731
1, -0.11662554, -0.654479, 0.736569, 1830029133066731
1, -0.11456257, -0.65492994, 0.7368983, 1830029138071614
0, 6.0210104, 12.486481, -0.6896404, 1830029138071614
0, 7.70124, 13.598029, 1.4879191, 1830029143076497
1, -0.11211569, -0.6555135, 0.7371218, 1830029143076497
1, -0.11038987, -0.65581244, 0.73722947, 1830029148050862
0, 8.522811, 14.495253, 3.237866, 1830029148050862
1, -0.10865915, -0.65577316, 0.73750883, 1830029153055745
0, 8.440268, 14.957719, 4.1126976, 1830029153055745
1, -0.10667987, -0.6553485, 0.7380711, 1830029158060628
0, 7.663853, 14.638769, 3.9832408, 1830029158060628
0, 6.4542494, 14.476517, 2.5392156, 1830029163065510
1, -0.103550985, -0.65471154, 0.7390484, 1830029163065510
1, -0.100526355, -0.6538219, 0.7400996, 1830029168070393
0, 4.830642, 14.2915745, 0.18711257, 1830029168070393
0, 2.954646, 13.221255, -2.301655, 1830029173075276
1, -0.097116664, -0.65296596, 0.7411822, 1830029173075276
1, -0.09348236, -0.6523163, 0.74213415, 1830029178080159
0, 1.3580232, 11.838871, -4.26851, 1830029178080159
0, -0.075017214, 10.229094, -5.6859307, 1830029183085042
1, -0.08905634, -0.6520942, 0.74296105, 1830029183085042
0, -1.0905752, 8.878199, -6.596445, 1830029188059407
1, -0.085116394, -0.6522383, 0.7433261, 1830029188059407
1, -0.08096011, -0.6528961, 0.7433057, 1830029193064290
0, -1.7254623, 7.982259, -6.912549, 1830029193064290
1, -0.076693825, -0.65409076, 0.74285847, 1830029198069173
0, -2.5530908, 7.366378, -6.6978855, 1830029198069173
1, -0.071899116, -0.6558557, 0.7420752, 1830029203074055
0, -3.1582246, 6.9490213, -5.806595, 1830029203074055
0, -3.5191538, 6.842057, -4.7455673, 1830029208078938
1, -0.06768545, -0.657994, 0.740808, 1830029208078938
0, -4.0303254, 7.1043825, -3.5086684, 1830029213038456
1, -0.06358553, -0.66042, 0.7392628, 1830029213038456
1, -0.059751127, -0.6629944, 0.73751336, 1830029218043339
0, -4.385591, 7.3500395, -2.35044, 1830029218043339
0, -4.19306, 7.6312904, -1.4242023, 1830029223048222
1, -0.055736084, -0.66566014, 0.735709, 1830029223048222
1, -0.052346725, -0.668353, 0.73368996, 1830029228053105
0, -3.921369, 7.737506, -0.4186597, 1830029228053105
0, -3.7060735, 7.4273577, 0.82043874, 1830029233057988
1, -0.04900031, -0.6711685, 0.7314997, 1830029233057988
0, -3.2936635, 6.7229156, 2.0195801, 1830029238032353
1, -0.04583183, -0.674169, 0.7290481, 1830029238032353
0, -2.6257415, 6.15788, 3.3662953, 1830029243037236
1, -0.042343434, -0.6775096, 0.72628504, 1830029243037236
0, -2.0909956, 5.569066, 4.787814, 1830029248042118
1, -0.039432198, -0.6810916, 0.7230871, 1830029248042118
0, -1.7264547, 4.668949, 5.8127685, 1830029253047001
1, -0.036501747, -0.6848699, 0.71960783, 1830029253047001
0, -1.2156079, 3.48351, 6.3217854, 1830029258051884
1, -0.033531584, -0.68867123, 0.7159829, 1830029258051884
0, -0.585086, 2.1366825, 6.4938455, 1830029263056767
1, -0.029825224, -0.6922251, 0.7125717, 1830029263056767
1, -0.02630951, -0.6951407, 0.70956385, 1830029268061650
0, 0.89585125, 0.65478706, 5.7739573, 1830029268061650
0, 3.694054, -0.7270384, 4.030141, 1830029273066533
1, -0.02160247, -0.69736916, 0.70731497, 1830029273066533
1, -0.014952937, -0.6992776, 0.70557386, 1830029278071415
0, 6.5738235, -3.2809944, 1.250577, 1830029278071415
0, 9.481356, -8.395513, -8.461841, 1830029283076298
1, -0.006119499, -0.70189387, 0.70327115, 1830029283076298
0, 11.226465, -15.332029, -18.795198, 1830029288081181
1, 0.002866458, -0.70632464, 0.6988725, 1830029288081181
0, 9.552424, -20.209282, -15.706056, 1830029293055546
1, 0.011673316, -0.7123014, 0.6925791, 1830029293055546
1, 0.020365171, -0.71888596, 0.68532676, 1830029298060429
0, 5.393564, -21.680908, -6.1426787, 1830029298060429
1, 0.028995479, -0.72516185, 0.6781199, 1830029303065312
0, 0.021130443, -22.347578, 1.3418672, 1830029303065312
0, -5.158143, -23.998325, 4.021512, 1830029308070195
1, 0.03529463, -0.7307716, 0.6712177, 1830029308070195
0, -8.325542, -25.925142, 3.6096156, 1830029313075077
1, 0.03914222, -0.73568314, 0.66481614, 1830029313075077
1, 0.040842168, -0.7401049, 0.6587908, 1830029318079960
0, -9.870892, -27.346376, 1.9640802, 1830029318079960
1, 0.042105526, -0.74433386, 0.653021, 1830029323084843
0, -10.096909, -27.193493, -0.29660547, 1830029323084843
1, 0.042810947, -0.748748, 0.6470878, 1830029328089726
0, -9.302469, -25.184158, -2.034429, 1830029328089726
1, 0.044165816, -0.7534506, 0.64098763, 1830029333094609
0, -7.8031397, -22.335533, -2.7297182, 1830029333094609
1, 0.046351537, -0.7583359, 0.634836, 1830029338099492
0, -6.4692135, -19.478842, -2.0115614, 1830029338099492
1, 0.049421407, -0.7630989, 0.6289698, 1830029343073857
0, -4.2243977, -17.691404, -0.2572168, 1830029343073857
0, -0.42381048, -16.187325, -0.10442352, 1830029348078740
1, 0.05212577, -0.7677545, 0.62317824, 1830029348078740
0, 4.53012, -14.856172, 0.6540806, 1830029353083622
1, 0.054845307, -0.77211547, 0.617664, 1830029353083622
1, 0.05766523, -0.77601564, 0.6124327, 1830029358088505
0, 11.409711, -14.345415, -0.41882563, 1830029358088505
1, 0.06170781, -0.7795592, 0.6073582, 1830029363062870
0, 14.41617, -15.956821, -2.9124465, 1830029363062870
1, 0.065824896, -0.78291476, 0.60217786, 1830029368067753
0, 13.376448, -17.319775, -3.0034614, 1830029368067753
1, 0.07031654, -0.7858671, 0.59733295, 1830029373072636
0, 10.929325, -17.682472, -1.9001973, 1830029373072636
0, 9.198231, -17.058956, -1.1645246, 1830029378077519
1, 0.07488306, -0.7884251, 0.5929438, 1830029378077519
1, 0.07999988, -0.7905914, 0.5891124, 1830029383082402
0, 8.52726, -15.661033, -1.2524056, 1830029383082402
0, 8.14518, -14.259376, -1.0692451, 1830029388087285
1, 0.08441341, -0.79251045, 0.5855899, 1830029388087285
1, 0.0889151, -0.79411787, 0.58250904, 1830029393092167
0, 7.620387, -13.152983, -0.59561396, 1830029393092167
1, 0.09358845, -0.79544866, 0.57982326, 1830029398097050
0, 6.753598, -11.952101, -0.27075696, 1830029398097050
1, 0.09894451, -0.7964455, 0.5776187, 1830029403071415
0, 5.9036374, -10.745239, 0.116170645, 1830029403071415
1, 0.10418762, -0.79722226, 0.5756981, 1830029408076298
0, 4.013646, -9.030997, 0.3452685, 1830029408076298
0, 2.023543, -6.680093, 0.7129042, 1830029413081181
1, 0.10970872, -0.79772186, 0.57416457, 1830029413081181
0, 0.26740527, -4.224186, 1.1879628, 1830029418086064
1, 0.11547242, -0.79802114, 0.57292706, 1830029418086064
1, 0.12202675, -0.79811144, 0.5719983, 1830029423090947
0, -1.4567087, -1.857214, 1.8256314, 1830029423090947
1, 0.1279716, -0.79822296, 0.5711056, 1830029428095829
0, -3.111698, 0.3519802, 2.5261526, 1830029428095829
1, 0.13368867, -0.7982688, 0.5703738, 1830029433100712
0, -4.5656214, 2.4019213, 3.223751, 1830029433100712
1, 0.13905257, -0.798265, 0.5697938, 1830029438105595
0, -5.914336, 4.362584, 3.458475, 1830029438105595
1, 0.14435638, -0.79817253, 0.5694009, 1830029443110478
0, -6.909234, 5.9543858, 3.5036597, 1830029443110478
0, -7.490029, 7.326063, 3.5301309, 1830029448084843
1, 0.14870751, -0.798106, 0.56909204, 1830029448084843
0, -7.6423264, 8.611105, 3.544841, 1830029453089726
1, 0.15251932, -0.79799217, 0.5689197, 1830029453089726
0, -7.835, 9.947934, 3.5756686, 1830029458094609
1, 0.15579827, -0.7978865, 0.56882393, 1830029458094609
1, 0.15893142, -0.7977403, 0.5688403, 1830029463068974
0, -7.842575, 11.274239, 3.7909234, 1830029463068974
0, -7.555994, 12.197779, 4.120489, 1830029468073857
1, 0.16080584, -0.7977533, 0.5688273, 1830029468073857
0, -7.1914864, 13.001011, 4.6164894, 1830029473078740
1, 0.16182922, -0.7978339, 0.56886923, 1830029473078740
0, -6.8780203, 13.693698, 5.0756054, 1830029478083622
1, 0.16202408, -0.7979843, 0.5689743, 1830029478083622
1, 0.1618365, -0.798117, 0.5692142, 1830029483088505
0, -6.334832, 14.381398, 5.7972, 1830029483088505
1, 0.16068758, -0.79836196, 0.56950283, 1830029488093388
0, -6.274319, 14.932685, 6.250206, 1830029488093388
1, 0.1590828, -0.798637, 0.56987846, 1830029493098271
0, -6.1125464, 15.37852, 6.320529, 1830029493098271
0, -6.243535, 15.746973, 6.2142897, 1830029498103154
1, 0.15718453, -0.7989135, 0.570337, 1830029498103154
1, 0.15545538, -0.7990918, 0.5709417, 1830029503077519
0, -6.6655197, 16.12138, 6.223281, 1830029503077519
0, -7.4571857, 16.339167, 6.1796503, 1830029508082402
1, 0.15314761, -0.7993073, 0.5716087, 1830029508082402
0, -8.181983, 16.493458, 5.982074, 1830029513087285
1, 0.15052137, -0.79947895, 0.57239276, 1830029513087285
0, -8.424721, 16.56065, 6.1910934, 1830029518092167
1, 0.14749542, -0.7995489, 0.5733667, 1830029518092167
0, -8.126417, 16.37851, 7.044253, 1830029523097050
1, 0.14400092, -0.7993836, 0.5746853, 1830029523097050
1, 0.14041083, -0.7987324, 0.57660156, 1830029528101933
0, -7.269448, 16.033987, 8.148359, 1830029528101933
1, 0.13597155, -0.7976, 0.5791419, 1830029533076298
0, -5.972583, 15.651669, 8.975547, 1830029533076298
1, 0.13119227, -0.7957828, 0.58246785, 1830029538081181
0, -5.006978, 14.906233, 9.422353, 1830029538081181
0, -4.509167, 13.902699, 9.075354, 1830029543086064
1, 0.12624553, -0.79325956, 0.58655113, 1830029543086064
0, -4.373551, 12.535482, 8.002536, 1830029548090947
1, 0.121724755, -0.7900323, 0.59133124, 1830029548090947
1, 0.11670188, -0.78641015, 0.5964743, 1830029553095829
0, -4.730225, 10.928449, 6.470129, 1830029553095829
1, 0.11158036, -0.78251994, 0.60179347, 1830029558100712
0, -4.845376, 9.238796, 4.922256, 1830029558100712
0, -4.8778462, 7.683069, 3.6585054, 1830029563105595
1, 0.10632422, -0.7785372, 0.60706204, 1830029563105595
0, -4.9150724, 6.3967047, 2.3766098, 1830029568110478
1, 0.10146517, -0.7745361, 0.6121857, 1830029568110478
0, -4.86446, 5.2523794, 0.5452745, 1830029573115361
1, 0.095821984, -0.7708459, 0.61678696, 1830029573115361
0, -4.4431467, 4.278064, -2.5083156, 1830029578120243
1, 0.09010181, -0.76761705, 0.6206877, 1830029578120243
0, -4.209982, 2.8651438, -10.082157, 1830029583125126
1, 0.08484069, -0.76532495, 0.6233851, 1830029583125126
0, -3.666771, 0.9855118, -15.592308, 1830029588130009
1, 0.08145422, -0.7644966, 0.6244191, 1830029588130009
0, -1.2347538, -0.14638901, -10.594229, 1830029593104374
1, 0.0788277, -0.7648884, 0.6239915, 1830029593104374
0, 1.5562797, -0.42059803, -4.4026346, 1830029598109257
1, 0.07684337, -0.7656597, 0.622938, 1830029598109257
0, 3.8215473, -0.34470558, -1.0095859, 1830029603114140
1, 0.07518434, -0.76648414, 0.6215372, 1830029603114140
0, 5.6716824, 0.026218414, 0.7335814, 1830029608119023
1, 0.07458875, -0.76727414, 0.61994565, 1830029608119023
0, 6.916351, 0.64009666, 2.0046837, 1830029613123906
1, 0.07390782, -0.7681421, 0.61799264, 1830029613123906
0, 7.5439286, 1.710722, 2.7859087, 1830029618128788
1, 0.073736355, -0.7689166, 0.6159595, 1830029618128788
0, 7.1945057, 3.0832272, 2.842452, 1830029623103154
1, 0.07375258, -0.7694647, 0.6139966, 1830029623103154
0, 6.068359, 4.647813, 2.9066463, 1830029628108036
1, 0.07412438, -0.7696818, 0.6122595, 1830029628108036
0, 5.130617, 6.259184, 3.2225223, 1830029633112919
1, 0.07352459, -0.7696904, 0.6104996, 1830029633112919
0, 4.381039, 7.0771046, 3.800111, 1830029638117802
1, 0.07243683, -0.7695329, 0.6086772, 1830029638117802
0, 2.9635994, 6.54688, 7.815989, 1830029643122685
1, 0.070926584, -0.7690156, 0.6069761, 1830029643122685
1, 0.069585025, -0.76785207, 0.6058, 1830029648127568
0, 0.52425957, 4.7737494, 11.176773, 1830029648127568
0, -2.872279, 1.8169956, 11.196618, 1830029653132451
1, 0.06834232, -0.7661325, 0.60507345, 1830029653132451
0, -6.8478518, -1.8052073, 9.255001, 1830029658137333
1, 0.06840876, -0.7640041, 0.6049305, 1830029658137333
0, -12.572829, -5.367052, 5.0869656, 1830029663111699
1, 0.07036455, -0.76160836, 0.6055982, 1830029663111699
1, 0.074308306, -0.75939673, 0.6069529, 1830029668116581
0, -18.073586, -8.093421, -4.7390213, 1830029668116581
0, -22.449612, -13.5680065, -29.922338, 1830029673121464
1, 0.07917084, -0.7593977, 0.60689425, 1830029673121464
1, 0.083490044, -0.7625652, 0.6040349, 1830029678126347
0, -21.374584, -20.166773, -28.955093, 1830029678126347
1, 0.085284084, -0.7661326, 0.6006215, 1830029683131230
0, -12.50919, -17.50882, 4.368782, 1830029683131230
1, 0.08598961, -0.76762795, 0.59957325, 1830029688136113
0, -6.0561075, -9.576942, 24.370636, 1830029688136113
1, 0.085053116, -0.76724494, 0.6005096, 1830029693140995
0, -1.5421829, -2.314888, 16.941122, 1830029693140995
1, 0.08137494, -0.7656539, 0.6021196, 1830029698115361
0, 3.4025664, 1.8699703, 6.463213, 1830029698115361
0, 5.9362783, 1.5022373, 4.9923816, 1830029703120243
1, 0.07576789, -0.7634002, 0.6037609, 1830029703120243
1, 0.0711408, -0.76102483, 0.6055172, 1830029708125126
0, 2.4492698, -3.171567, 3.9488375, 1830029708125126
1, 0.067122355, -0.75901085, 0.60708094, 1830029713130009
0, -2.9985175, -7.892, 0.75915325, 1830029713130009
1, 0.06356559, -0.7573312, 0.6087462, 1830029718104374
0, -6.9043036, -11.292924, 0.28901756, 1830029718104374
1, 0.0602969, -0.7558674, 0.6108462, 1830029723109257
0, -9.037825, -13.492451, -0.30041337, 1830029723109257
1, 0.05754504, -0.7545332, 0.6135838, 1830029728114140
0, -10.047972, -14.3109865, -0.44158888, 1830029728114140
1, 0.054083202, -0.75331587, 0.61663926, 1830029733119023
0, -10.2812605, -14.398824, -0.09218168, 1830029733119023
1, 0.049720526, -0.7520777, 0.6199944, 1830029738123906
0, -9.312599, -13.57391, 0.77718854, 1830029738123906
0, -8.370127, -12.72872, 1.4328506, 1830029743128788
1, 0.044420667, -0.7507679, 0.6235979, 1830029743128788
0, -7.4098744, -12.643303, 0.91972375, 1830029748133671
1, 0.03868191, -0.74934405, 0.6275897, 1830029748133671
1, 0.03171599, -0.7478061, 0.6316628, 1830029753138554
0, -5.3533177, -12.369338, -0.027813196, 1830029753138554
1, 0.023884084, -0.7460556, 0.6357543, 1830029758143437
0, -3.1650012, -12.24604, -0.57090473, 1830029758143437
1, 0.015306593, -0.7440171, 0.63982815, 1830029763117802
0, -1.6861405, -12.907171, -0.3923757, 1830029763117802
1, 0.006593348, -0.74163294, 0.64410067, 1830029768122685
0, -0.04627371, -13.62692, -0.14901054, 1830029768122685
1, -0.0032273734, -0.7389084, 0.648288, 1830029773127568
0, 1.8158863, -14.412993, 0.3440019, 1830029773127568
0, 4.0861244, -15.028854, 0.7760026, 1830029778132451
1, -0.013208837, -0.7357532, 0.652673, 1830029778132451
1, -0.023256533, -0.7320608, 0.65732545, 1830029783137333
0, 6.92939, -15.410679, 1.0172288, 1830029783137333
1, -0.0326636, -0.72782487, 0.6623708, 1830029788142216
0, 9.722042, -15.636332, 1.2630923, 1830029788142216
0, 12.493323, -16.007946, 1.1815991, 1830029793147099
1, -0.04280247, -0.723098, 0.6673243, 1830029793147099
1, -0.052821144, -0.71804696, 0.6722174, 1830029798151982
0, 15.119523, -16.226887, 0.9706428, 1830029798151982
1, -0.062277775, -0.71274394, 0.6770678, 1830029803156865
0, 17.26011, -15.370681, 0.16660665, 1830029803156865
1, -0.069992155, -0.70740885, 0.68200654, 1830029808161747
0, 18.96104, -13.639517, -1.0748897, 1830029808161747
1, -0.077126406, -0.7021145, 0.68656856, 1830029813166630
0, 19.72575, -11.529473, -2.7091422, 1830029813166630
1, -0.082866706, -0.69709784, 0.690854, 1830029818140995
0, 19.029867, -9.145644, -4.2969613, 1830029818140995
1, -0.087505236, -0.6924139, 0.6948637, 1830029823145878
0, 17.171291, -6.5874014, -5.8894424, 1830029823145878
0, 14.560408, -4.2721224, -7.3266315, 1830029828150761
1, -0.09072463, -0.6882885, 0.69865686, 1830029828150761
0, 11.170725, -2.3965807, -7.9351115, 1830029833155644
1, -0.09409499, -0.68464553, 0.70188355, 1830029833155644
0, 8.525823, -0.8202715, -7.301677, 1830029838160527
1, -0.09729569, -0.68158704, 0.70469, 1830029838160527
0, 6.947077, 0.43359184, -5.437389, 1830029843165410
1, -0.1004101, -0.6789646, 0.70720017, 1830029843165410
1, -0.10274681, -0.676772, 0.7096571, 1830029848170292
0, 5.6281424, 1.2312908, -4.093191, 1830029848170292
0, 4.7275004, 1.8577776, -3.5790324, 1830029853144658
1, -0.10557037, -0.6747826, 0.71174955, 1830029853144658
0, 4.297098, 2.6360016, -3.7935872, 1830029858149540
1, -0.10827283, -0.6730293, 0.71366906, 1830029858149540
0, 4.0660305, 3.560854, -3.8756056, 1830029863154423
1, -0.11066835, -0.6715201, 0.7154362, 1830029863154423
0, 3.945521, 4.682268, -3.448631, 1830029868128788
1, -0.11199309, -0.67031825, 0.71724415, 1830029868128788
0, 3.7035608, 5.8014727, -2.728742, 1830029873133671
1, -0.11356243, -0.66909575, 0.7188872, 1830029873133671
0, 3.337533, 6.7940235, -2.1253781, 1830029878138554
1, -0.11476194, -0.667865, 0.72058415, 1830029878138554
1, -0.11564824, -0.6665418, 0.72238654, 1830029883143437
0, 2.9048448, 7.7221107, -2.0068138, 1830029883143437
1, -0.115659334, -0.66518825, 0.7244347, 1830029888148320
0, 2.4096808, 8.671857, -2.043613, 1830029888148320
1, -0.11591429, -0.66357565, 0.7265245, 1830029893153202
0, 1.8307226, 9.39691, -2.1648154, 1830029893153202
1, -0.11581266, -0.66182065, 0.72876996, 1830029898158085
0, 1.4358926, 9.90235, -2.6262481, 1830029898158085
0, 1.0019773, 9.987636, -3.0898337, 1830029903162968
1, -0.1152788, -0.659955, 0.73116165, 1830029903162968
0, 0.5718242, 9.823188, -3.5067546, 1830029908137333
1, -0.113621846, -0.65813273, 0.7337961, 1830029908137333
0, 0.17945075, 9.4691725, -3.7592492, 1830029913142216
1, -0.11214369, -0.656144, 0.7364114, 1830029913142216
0, 0.28903908, 9.282416, -4.055391, 1830029918147099
1, -0.11025508, -0.6541879, 0.7390345, 1830029918147099
0, 0.6157978, 9.234442, -4.121951, 1830029923151982
1, -0.108053386, -0.65235144, 0.74156064, 1830029923151982
0, 1.7666285, 9.06959, -3.9306726, 1830029928156865
1, -0.10511853, -0.6507764, 0.7439841, 1830029928156865
0, 3.4273314, 8.776441, -4.0061007, 1830029933161747
1, -0.10261474, -0.64936054, 0.7460046, 1830029933161747
0, 4.715452, 8.77403, -3.8629186, 1830029938166630
1, -0.100001045, -0.6482596, 0.74765295, 1830029938166630
0, 5.387724, 9.07915, -3.0115676, 1830029943171513
1, -0.09738343, -0.6475036, 0.74889135, 1830029943171513
0, 5.9038897, 9.512136, -1.4862239, 1830029948176396
1, -0.0941123, -0.6471626, 0.74984765, 1830029948176396
0, 5.7989573, 10.053153, -0.030625463, 1830029953181279
1, -0.0911608, -0.6469346, 0.7504961, 1830029953181279
0, 5.291965, 10.500216, 0.5578972, 1830029958186161
1, -0.087832935, -0.6467257, 0.7511184, 1830029958186161
1, -0.08431955, -0.6464329, 0.7517757, 1830029963160527
0, 4.792871, 10.912625, 0.019010425, 1830029963160527
0, 4.2955008, 11.29269, -1.385304, 1830029968165410
1, -0.08023262, -0.64614, 0.7525055, 1830029968165410
1, -0.0764609, -0.645855, 0.7530712, 1830029973170292
0, 3.414551, 11.40882, -3.0606742, 1830029973170292
1, -0.072507344, -0.64582163, 0.75340873, 1830029978175175
0, 1.9978169, 11.15914, -4.550168, 1830029978175175
1, -0.068446524, -0.6462139, 0.75337595, 1830029983180058
0, 0.4328817, 10.748165, -5.4565926, 1830029983180058
0, -0.8306396, 10.41086, -5.46944, 1830029988154423
1, -0.06397036, -0.64712995, 0.7529819, 1830029988154423
1, -0.059877444, -0.64841944, 0.7521515, 1830029993159306
0, -1.6902143, 9.989152, -4.774789, 1830029993159306
1, -0.05575683, -0.65001416, 0.7510354, 1830029998164189
0, -2.0909479, 9.3869915, -3.985941, 1830029998164189
1, -0.05154568, -0.65183926, 0.7496976, 1830030003169072
0, -2.4430592, 8.754772, -3.5190144, 1830030003169072
1, -0.046697877, -0.65391254, 0.74824584, 1830030008173954
0, -2.977929, 8.173611, -3.3385258, 1830030008173954
1, -0.04229755, -0.65617114, 0.7465073, 1830030013178837
0, -3.6556132, 7.9209404, -3.1302357, 1830030013178837
0, -4.1040034, 7.8982897, -2.6143918, 1830030018183720
1, -0.037875045, -0.65863407, 0.744577, 1830030018183720
1, -0.0335099, -0.661236, 0.7424999, 1830030023158085
0, -4.2504425, 8.062208, -2.0079422, 1830030023158085
1, -0.028834134, -0.6639944, 0.74031657, 1830030028162968
0, -3.8159301, 8.089551, -1.5814062, 1830030028162968
0, -3.1486173, 7.7820225, -0.97702146, 1830030033167851
1, -0.024570577, -0.6669183, 0.737866, 1830030033167851
1, -0.020333426, -0.6700978, 0.7351221, 1830030038172734
0, -2.6668227, 7.144723, 0.05121231, 1830030038172734
1, -0.016235525, -0.67364407, 0.73194665, 1830030043177617
0, -2.4244514, 6.242565, 1.3697699, 1830030043177617
0, -2.4408655, 4.9057703, 3.0465875, 1830030048182499
1, -0.01205046, -0.67759395, 0.72833353, 1830030048182499
1, -0.008096693, -0.6818318, 0.72430515, 1830030053187382
0, -2.2819388, 3.294283, 4.952094, 1830030053187382
0, -2.0462136, 1.4980488, 6.2439766, 1830030058192265
1, -0.0040080952, -0.6860947, 0.7201245, 1830030058192265
0, -1.0946512, -0.9261074, 6.775783, 1830030063197148
1, 4.2432905E-4, -0.6899956, 0.7161532, 1830030063197148
0, 0.66255105, -3.0017633, 5.416269, 1830030068171513
1, 0.0062887263, -0.693292, 0.7127952, 1830030068171513
0, 3.2368839, -5.2425404, 1.3140423, 1830030073176396
1, 0.013216797, -0.6963629, 0.70964265, 1830030073176396
0, 6.909403, -10.270895, -8.161957, 1830030078181279
1, 0.021599269, -0.70025873, 0.7056863, 1830030078181279
0, 10.644251, -16.401722, -14.120805, 1830030083186161
1, 0.03072598, -0.70569664, 0.6999827, 1830030083186161
0, 11.578845, -21.681042, -12.123048, 1830030088191044
1, 0.040178895, -0.7122786, 0.6927596, 1830030088191044
1, 0.04926355, -0.71923923, 0.68470526, 1830030093195927
0, 9.430698, -24.469303, -5.49081, 1830030093195927
1, 0.057731334, -0.7259156, 0.6765562, 1830030098200810
0, 4.5590887, -25.685385, 0.77224964, 1830030098200810
0, -0.9958644, -26.194172, 2.467817, 1830030103205693
1, 0.06457738, -0.7319605, 0.66874343, 1830030103205693
1, 0.069299884, -0.7373174, 0.6614581, 1830030108180058
0, -4.7755637, -25.530704, 0.42170095, 1830030108180058
1, 0.07142012, -0.7422825, 0.65437627, 1830030113184941
0, -6.68419, -25.041832, -1.0966864, 1830030113184941
0, -7.5391045, -24.43911, -2.7462635, 1830030118189824
1, 0.07173917, -0.74704504, 0.64726084, 1830030118189824
0, -7.482459, -22.763947, -4.017031, 1830030123194706
1, 0.07144337, -0.75183755, 0.63992596, 1830030123194706
0, -7.298853, -20.797972, -3.491049, 1830030128169072
1, 0.072207816, -0.75668836, 0.63259774, 1830030128169072
0, -7.580098, -19.480537, -1.5731697, 1830030133173954
1, 0.07367575, -0.76170135, 0.62523097, 1830030133173954
0, -6.2115984, -18.348806, 2.064288, 1830030138178837
1, 0.07590646, -0.76661175, 0.61822116, 1830030138178837
0, -1.7667196, -17.802223, 5.178587, 1830030143183720
1, 0.07879526, -0.7711187, 0.6118742, 1830030143183720
0, 3.6692467, -16.81812, 3.6992178, 1830030148188603
1, 0.083065644, -0.7752041, 0.60612154, 1830030148188603
0, 10.72234, -15.571437, -1.8803065, 1830030153193486
1, 0.087413006, -0.7791532, 0.6002448, 1830030153193486
0, 13.692176, -16.179823, -4.686455, 1830030158198368
1, 0.092249215, -0.7830635, 0.5940526, 1830030158198368
0, 12.094612, -17.207787, -3.450559, 1830030163203251
1, 0.09767901, -0.78677094, 0.58788747, 1830030163203251
0, 10.266899, -16.993925, -2.366278, 1830030168208134
1, 0.10392868, -0.79005164, 0.58223313, 1830030168208134
0, 9.964611, -16.135569, -2.6579857, 1830030173213017
1, 0.10970793, -0.7930415, 0.5769818, 1830030173213017
0, 9.137608, -14.988519, -2.4998856, 1830030178217900
1, 0.11543677, -0.7956722, 0.57229, 1830030178217900
0, 9.609793, -13.865396, -1.9348173, 1830030183222783
1, 0.12113444, -0.7979521, 0.5681612, 1830030183222783
0, 9.957434, -13.451347, -1.330878, 1830030188197148
1, 0.127494, -0.7998648, 0.56459194, 1830030188197148
0, 9.092447, -12.834081, -0.5700412, 1830030193202031
1, 0.13415599, -0.80156565, 0.5613279, 1830030193202031
0, 7.0840487, -10.812709, 0.24183297, 1830030198206913
1, 0.14142469, -0.8030023, 0.5584358, 1830030198206913
0, 4.9715495, -7.9371185, 0.7783389, 1830030203181279
1, 0.14892903, -0.8042152, 0.55589235, 1830030203181279
0, 3.7663164, -5.0291233, 1.5340855, 1830030208186161
1, 0.15670997, -0.8052349, 0.5536037, 1830030208186161
0, 2.0854053, -2.7834978, 2.3878136, 1830030213191044
1, 0.1641846, -0.80619824, 0.5513932, 1830030213191044
0, -0.024128437, -0.78137016, 3.0449207, 1830030218195927
1, 0.1715448, -0.8070695, 0.54927915, 1830030218195927
1, 0.17859656, -0.80782765, 0.5473026, 1830030223200810
0, -1.9844561, 0.9971123, 3.486493, 1830030223200810
0, -4.1335316, 2.796668, 3.9479084, 1830030228205693
1, 0.18569212, -0.8083517, 0.5455829, 1830030228205693
1, 0.19190514, -0.80884165, 0.54399854, 1830030233210576
0, -5.8498306, 4.7754984, 4.0789747, 1830030233210576
1, 0.19754931, -0.80930144, 0.5425205, 1830030238215458
0, -7.202203, 6.933069, 4.233561, 1830030238215458
1, 0.20249015, -0.8097742, 0.5411279, 1830030243220341
0, -7.921225, 8.778681, 4.543461, 1830030243220341
1, 0.20681247, -0.8101998, 0.53988624, 1830030248194706
0, -8.510332, 10.243009, 4.4877014, 1830030248194706
1, 0.21014382, -0.81069314, 0.53873193, 1830030253199589
0, -9.110296, 11.402061, 4.3659697, 1830030253199589
1, 0.21265918, -0.81118834, 0.53772926, 1830030258204472
0, -9.316621, 12.018941, 4.409751, 1830030258204472
1, 0.21443662, -0.81163925, 0.5369448, 1830030263209355
0, -9.099447, 12.235447, 4.7666464, 1830030263209355
1, 0.21556075, -0.8119963, 0.53643936, 1830030268183720
0, -8.699451, 12.439388, 5.509839, 1830030268183720
1, 0.21659559, -0.81209475, 0.53631365, 1830030273188603
0, -8.324131, 12.617006, 6.456803, 1830030273188603
0, -7.8147907, 13.029871, 7.431729, 1830030278193486
1, 0.21644267, -0.8121972, 0.5365248, 1830030278193486
0, -7.2156157, 13.530052, 8.08555, 1830030283198368
1, 0.21570309, -0.8121549, 0.5371318, 1830030283198368
1, 0.21456563, -0.8119548, 0.5380982, 1830030288203251
0, -6.631547, 13.775012, 8.498714, 1830030288203251
0, -6.562847, 14.2519655, 8.299871, 1830030293208134
1, 0.2136849, -0.8114906, 0.53937656, 1830030293208134
1, 0.21218249, -0.81107026, 0.54078287, 1830030298213017
0, -6.8642416, 14.8858795, 7.8170347, 1830030298213017
0, -7.3756113, 15.463368, 7.244109, 1830030303217900
1, 0.21061535, -0.810619, 0.5422693, 1830030303217900
1, 0.20894922, -0.8101769, 0.54378647, 1830030308222783
0, -7.983964, 15.926697, 6.6108704, 1830030308222783
0, -8.79405, 16.206549, 5.910678, 1830030313227665
1, 0.20744076, -0.80969244, 0.5453352, 1830030313227665
0, -9.345384, 16.34399, 5.7249594, 1830030318232548
1, 0.2053052, -0.80935436, 0.5468754, 1830030318232548
0, -9.305335, 16.421059, 6.4662294, 1830030323237431
1, 0.20266177, -0.80899906, 0.5485926, 1830030323237431
0, -8.383682, 16.257229, 8.123241, 1830030328211796
1, 0.19935013, -0.808451, 0.5507611, 1830030328211796
1, 0.19575663, -0.80739117, 0.5537012, 1830030333216679
0, -6.759351, 15.749193, 9.461451, 1830030333216679
1, 0.19111103, -0.8059258, 0.5574308, 1830030338221562
0, -5.3526235, 15.0021715, 10.117452, 1830030338221562
0, -4.2793245, 14.034833, 10.247073, 1830030343226445
1, 0.18600295, -0.803897, 0.5619671, 1830030343226445
1, 0.18053213, -0.8013004, 0.56724304, 1830030348231327
0, -3.448702, 13.035313, 10.021413, 1830030348231327
1, 0.1752071, -0.7980999, 0.5731492, 1830030353236210
0, -2.8810453, 11.794285, 9.390652, 1830030353236210
0, -2.2778354, 10.489876, 8.11995, 1830030358241093
1, 0.1692206, -0.79461074, 0.57939935, 1830030358241093
1, 0.16311073, -0.79092175, 0.58572304, 1830030363215458
0, -1.7233288, 9.227717, 6.694647, 1830030363215458
0, -1.7857025, 7.7869387, 5.624588, 1830030368220341
1, 0.15689242, -0.78710526, 0.59201014, 1830030368220341
0, -2.2255356, 6.3418884, 4.4940877, 1830030373225224
1, 0.15121384, -0.7831477, 0.5981818, 1830030373225224
0, -2.64014, 5.136834, 2.8919487, 1830030378230107
1, 0.14476621, -0.77940863, 0.6039984, 1830030378230107
0, -2.8891084, 4.0854445, 0.7546072, 1830030383234990
1, 0.13828696, -0.7758628, 0.60939366, 1830030383234990
0, -3.0315938, 3.0268164, -3.8734577, 1830030388239872
1, 0.13194208, -0.7727458, 0.6140773, 1830030388239872
0, -3.3584828, 1.1524134, -15.872526, 1830030393244755
1, 0.12695609, -0.7708031, 0.61709297, 1830030393244755
1, 0.123195626, -0.7704704, 0.6180218, 1830030398249638
0, -1.7033579, -0.9111204, -15.927722, 1830030398249638
1, 0.120694645, -0.77072585, 0.61803615, 1830030403224003
0, 1.8330836, -2.1624718, -7.953172, 1830030403224003
1, 0.11867225, -0.7710477, 0.61769056, 1830030408228886
0, 4.6949053, -3.006588, -3.3762841, 1830030408228886
1, 0.117749944, -0.77138317, 0.61695886, 1830030413233769
0, 6.5738335, -3.273036, -1.5926423, 1830030413233769
1, 0.11729951, -0.77189124, 0.6157307, 1830030418208134
0, 6.860347, -2.7512617, -0.55854225, 1830030418208134
1, 0.11763549, -0.7724787, 0.614188, 1830030423213017
0, 6.0033073, -1.506731, -0.021771431, 1830030423213017
1, 0.11796124, -0.773143, 0.612412, 1830030428217900
0, 5.1847305, 0.53361416, -0.23272014, 1830030428217900
1, 0.11819447, -0.77383524, 0.61047333, 1830030433222783
0, 4.4277277, 2.7814388, -0.75269437, 1830030433222783
1, 0.117473595, -0.77467054, 0.6082565, 1830030438227665
0, 3.6500304, 4.8658705, 0.30438232, 1830030438227665
1, 0.11628181, -0.77559614, 0.6057889, 1830030443232548
0, 2.8449514, 6.638584, 1.6655188, 1830030443232548
1, 0.11466362, -0.7765056, 0.6031646, 1830030448237431
0, 1.8081777, 7.7360497, 4.8337965, 1830030448237431
1, 0.11306686, -0.7768857, 0.6010214, 1830030453242314
0, -0.8749945, 7.2637815, 11.232641, 1830030453242314
1, 0.11119687, -0.77648294, 0.59974664, 1830030458216679
0, -5.3613925, 4.973626, 15.083802, 1830030458216679
1, 0.10989145, -0.7754086, 0.59925526, 1830030463221562
0, -9.880502, 0.78407097, 13.945723, 1830030463221562
1, 0.10994378, -0.7739014, 0.59945554, 1830030468226445
0, -16.106, -5.4123316, 9.926424, 1830030468226445
1, 0.112478375, -0.77237314, 0.6002996, 1830030473231327
0, -21.808617, -12.158426, 0.4526589, 1830030473231327
1, 0.1179008, -0.7729263, 0.59966016, 1830030478236210
0, -27.333271, -22.213902, -31.679, 1830030478236210
0, -31.3834, -30.83033, -36.95617, 1830030483241093
1, 0.12503232, -0.7772245, 0.5954165, 1830030483241093
1, 0.12886547, -0.7823947, 0.5903317, 1830030488245976
0, -21.031343, -30.815842, 5.094041, 1830030488245976
1, 0.12948613, -0.78440183, 0.5890088, 1830030493250859
0, -4.680126, -26.376617, 37.83913, 1830030493250859
1, 0.12688197, -0.7829179, 0.5914534, 1830030498225224
0, 8.085274, -13.572353, 32.165115, 1830030498225224
1, 0.120522596, -0.7793061, 0.5957504, 1830030503230107
0, 12.704803, -1.8734837, 16.600134, 1830030503230107
1, 0.11192463, -0.7751309, 0.5999719, 1830030508234990
0, 13.471709, 6.5370264, 7.59346, 1830030508234990
1, 0.10504131, -0.771357, 0.6032009, 1830030513239872
0, 9.70989, 6.94197, -0.4309349, 1830030513239872
1, 0.10039894, -0.7689546, 0.6046217, 1830030518244755
0, 4.273905, 2.5839748, -11.458265, 1830030518244755
1, 0.09740468, -0.7680423, 0.6044691, 1830030523249638
0, -2.1134167, -1.5990868, -12.27363, 1830030523249638
0, -6.932764, -3.3334084, -3.9567957, 1830030528254521
1, 0.094776325, -0.7677699, 0.6040474, 1830030528254521
1, 0.09214858, -0.7673631, 0.6044442, 1830030533259404
0, -8.991735, -3.7669373, 2.0719001, 1830030533259404
1, 0.08869541, -0.7668321, 0.6056114, 1830030538233769
0, -9.8487215, -5.425823, 1.3024136, 1830030538233769
1, 0.084642, -0.7662773, 0.6074492, 1830030543238652
0, -10.286091, -7.8338175, 1.1537433, 1830030543238652
1, 0.079986125, -0.76563704, 0.6100109, 1830030548243535
0, -9.699384, -9.63433, 3.5012565, 1830030548243535
1, 0.074975796, -0.7647749, 0.6133711, 1830030553248417
0, -7.859292, -10.986779, 3.5082116, 1830030553248417
1, 0.068318404, -0.7637326, 0.61712486, 1830030558253300
0, -5.5883236, -12.270268, 1.6228015, 1830030558253300
1, 0.060232386, -0.76243347, 0.62121034, 1830030563258183
0, -2.7958071, -13.734603, 0.3464706, 1830030563258183
1, 0.050925914, -0.76086605, 0.6255087, 1830030568263066
0, 0.123770714, -14.952676, 0.5207937, 1830030568263066
1, 0.041185457, -0.75897807, 0.63005334, 1830030573267949
0, 2.7998505, -16.511208, 1.0023663, 1830030573267949
0, 5.415515, -18.134851, 1.4805689, 1830030578272831
1, 0.03036573, -0.756721, 0.634658, 1830030578272831
1, 0.01929376, -0.7538945, 0.63954115, 1830030583277714
0, 8.259157, -19.478264, 1.8006192, 1830030583277714
1, 0.00863035, -0.750447, 0.6447304, 1830030588252079
0, 11.226779, -20.180305, 1.5999496, 1830030588252079
1, -7.237816E-4, -0.7462894, 0.6504454, 1830030593256962
0, 14.003129, -19.876366, 2.2280602, 1830030593256962
1, -0.009688625, -0.7414131, 0.656462, 1830030598261845
0, 16.283224, -18.750265, 2.7882538, 1830030598261845
1, -0.018043268, -0.73594517, 0.6626657, 1830030603266728
0, 17.921377, -16.671795, 1.9382808, 1830030603266728
1, -0.02612198, -0.73007435, 0.6688038, 1830030608271611
0, 18.961588, -13.668355, 0.4976228, 1830030608271611
1, -0.033395898, -0.72399026, 0.67486084, 1830030613276493
0, 18.919344, -10.03467, -1.0309663, 1830030613276493
1, -0.040719014, -0.7178234, 0.6805438, 1830030618250859
0, 18.088835, -6.5195913, -2.7457142, 1830030618250859
1, -0.047012333, -0.71179897, 0.68595266, 1830030623255742
0, 16.463154, -3.9496536, -5.3770156, 1830030623255742
1, -0.051821265, -0.7063736, 0.6908521, 1830030628260624
0, 13.831327, -2.318305, -8.123713, 1830030628260624
1, -0.054797404, -0.70184654, 0.6952279, 1830030633265507
0, 9.900524, -1.7853737, -9.468666, 1830030633265507
1, -0.05731874, -0.6981828, 0.6989241, 1830030638270390
0, 6.216934, -1.474514, -9.17376, 1830030638270390
0, 4.351067, -0.84362507, -6.810925, 1830030643275273
1, -0.05958544, -0.69518954, 0.70216215, 1830030643275273
0, 3.7105072, 0.07109547, -4.0239687, 1830030648280156
1, -0.061925337, -0.69253343, 0.70515245, 1830030648280156
0, 3.1711595, 0.9985571, -2.5909338, 1830030653254521
1, -0.064018965, -0.6901004, 0.70804024, 1830030653254521
0, 2.9282565, 1.3622723, -2.0969799, 1830030658259404
1, -0.06685851, -0.687736, 0.7106722, 1830030658259404
0, 2.7517927, 1.1841974, -2.704263, 1830030663264286
1, -0.06979201, -0.6855224, 0.7131224, 1830030663264286
0, 2.6407719, 1.3043308, -3.7076473, 1830030668269169
1, -0.072605945, -0.68352896, 0.71537584, 1830030668269169
1, -0.07453629, -0.68186784, 0.71751446, 1830030673274052
0, 3.0883894, 2.260374, -4.246866, 1830030673274052
0, 3.7517767, 3.486949, -4.6067734, 1830030678278935
1, -0.07678496, -0.68041617, 0.7192834, 1830030678278935
0, 3.7944598, 4.8283873, -4.5534205, 1830030683253300
1, -0.07873492, -0.6792176, 0.7208107, 1830030683253300
1, -0.08048138, -0.678173, 0.7221827, 1830030688258183
0, 3.6585321, 6.0646725, -4.1778464, 1830030688258183
1, -0.081497, -0.6772644, 0.723545, 1830030693263066
0, 3.0865114, 7.071499, -3.7025487, 1830030693263066
1, -0.08265082, -0.67627513, 0.72486156, 1830030698267949
0, 2.3295927, 7.760645, -2.8864064, 1830030698267949
0, 1.9227426, 8.165783, -2.2644727, 1830030703272831
1, -0.0834609, -0.6751298, 0.7263173, 1830030703272831
0, 1.3963275, 8.354145, -2.1379104, 1830030708277714
1, -0.083893426, -0.6737622, 0.72797865, 1830030708277714
0, 0.88975674, 8.50296, -2.3918219, 1830030713282597
1, -0.08345893, -0.67222947, 0.7299213, 1830030713282597
0, -0.009983975, 8.43786, -2.8280091, 1830030718287480
1, -0.083077274, -0.67048824, 0.73196423, 1830030718287480
0, -0.5644818, 8.393751, -3.397435, 1830030723292363
1, -0.082338914, -0.6687225, 0.73405415, 1830030723292363
1, -0.081275456, -0.66711444, 0.73602223, 1830030728266728
0, -0.71375173, 8.507402, -4.011394, 1830030728266728
1, -0.07941189, -0.66588223, 0.7377813, 1830030733271611
0, -0.48172233, 8.848514, -4.237156, 1830030733271611
1, -0.07781283, -0.66500384, 0.7391017, 1830030738276493
0, 0.42244345, 9.398159, -3.9761808, 1830030738276493
1, -0.07592317, -0.66459966, 0.7399862, 1830030743281376
0, 1.7351905, 9.950776, -3.4809282, 1830030743281376
1, -0.07376471, -0.66467094, 0.74042094, 1830030748286259
0, 2.9523609, 10.494584, -2.686658, 1830030748286259
1, -0.07107882, -0.66512287, 0.7405446, 1830030753260624
0, 4.0746193, 11.194376, -1.2924231, 1830030753260624
1, -0.06897449, -0.665625, 0.74044234, 1830030758265507
0, 5.435413, 12.121111, 0.19838953, 1830030758265507
0, 6.899677, 13.113807, 1.216563, 1830030763270390
1, -0.067130946, -0.6660522, 0.7402903, 1830030763270390
1, -0.06545628, -0.6662882, 0.74020517, 1830030768275273
0, 7.5923333, 14.011765, 1.8953066, 1830030768275273
0, 7.3069024, 14.601833, 1.9225808, 1830030773280156
1, -0.0632251, -0.66628057, 0.74035925, 1830030773280156
1, -0.0613198, -0.6659326, 0.7406796, 1830030778285038
0, 6.3312864, 14.640215, 0.9916738, 1830030778285038
1, -0.059093982, -0.6654085, 0.74114126, 1830030783289921
0, 4.8896904, 14.304545, -0.5811324, 1830030783289921
1, -0.056487627, -0.6648743, 0.74161786, 1830030788294804
0, 3.2525063, 13.652877, -2.4421194, 1830030788294804
1, -0.053158347, -0.66452485, 0.74201274, 1830030793299687
0, 1.8890979, 12.77691, -3.9572873, 1830030793299687
0, 0.70577335, 11.677292, -5.0729303, 1830030798304570
1, -0.04991124, -0.66442794, 0.7421365, 1830030798304570
0, -0.2719497, 10.498191, -5.6522884, 1830030803309452
1, -0.04642165, -0.6647156, 0.7419415, 1830030803309452
0, -0.77806866, 9.450263, -5.584735, 1830030808314335
1, -0.04268319, -0.66540515, 0.7414137, 1830030808314335
0, -1.1553247, 8.377912, -5.32268, 1830030813288701
1, -0.038253497, -0.66652197, 0.7405967, 1830030813288701
1, -0.033939417, -0.6680102, 0.7394002, 1830030818263066
0, -1.6954615, 7.6231203, -4.621913, 1830030818263066
0, -2.0655944, 7.3000565, -3.4813006, 1830030823267949
1, -0.02935721, -0.6698345, 0.7379128, 1830030823267949
1, -0.024592157, -0.6719445, 0.73616576, 1830030828272831
0, -2.47538, 7.321928, -2.6200714, 1830030828272831
0, -2.5464425, 7.4680843, -1.8598857, 1830030833277714
1, -0.019518599, -0.67429066, 0.7342133, 1830030833277714
1, -0.014605933, -0.6767863, 0.73205185, 1830030838282597
0, -2.4162803, 7.429635, -1.0971276, 1830030838282597
0, -2.312926, 7.3285036, -0.4400323, 1830030843287480
1, -0.009601424, -0.67941886, 0.7297199, 1830030843287480
0, -2.2459826, 7.12644, 0.39154297, 1830030848292363
1, -0.004496167, -0.68218637, 0.72721475, 1830030848292363
0, -2.3614771, 6.4910994, 1.3605607, 1830030853297245
1, 9.487731E-4, -0.6851351, 0.72451353, 1830030853297245
0, -2.336032, 5.5401993, 2.70347, 1830030858271611
1, 0.0060179736, -0.68833226, 0.72146916, 1830030858271611
0, -2.0882, 4.331115, 4.398379, 1830030863276493
1, 0.011086989, -0.69185615, 0.71802443, 1830030863276493
1, 0.016167518, -0.6955605, 0.71430355, 1830030868281376
0, -2.1695127, 3.0810747, 5.7545214, 1830030868281376
0, -1.8821427, 1.5958748, 6.141118, 1830030873286259
1, 0.021539735, -0.6992081, 0.7105422, 1830030873286259
0, -0.6652547, -0.26082802, 5.5415874, 1830030878291142
1, 0.026597848, -0.70254874, 0.70692277, 1830030878291142
0, 1.5176544, -2.179757, 3.8384185, 1830030883296025
1, 0.032241147, -0.70536184, 0.7037417, 1830030883296025
1, 0.03910303, -0.70789236, 0.7007914, 1830030888300908
0, 4.585211, -5.1791115, -1.4315108, 1830030888300908
1, 0.047588166, -0.71115154, 0.6969899, 1830030893305790
0, 8.888283, -10.494807, -10.495621, 1830030893305790
1, 0.056905903, -0.71574855, 0.6915494, 1830030898280156
0, 12.268648, -16.696785, -14.837541, 1830030898280156
1, 0.06709329, -0.7212789, 0.6847821, 1830030903285038
0, 12.027411, -22.476913, -11.576187, 1830030903285038
1, 0.077340245, -0.7269433, 0.67749834, 1830030908289921
0, 9.158527, -25.46428, -4.627048, 1830030908289921
0, 4.4332705, -27.504517, 0.43912035, 1830030913294804
1, 0.08723318, -0.7321156, 0.67042744, 1830030913294804
0, -1.1246264, -28.965963, 1.8397179, 1830030918299687
1, 0.094859764, -0.7366892, 0.6638511, 1830030918299687
1, 0.099954255, -0.7407167, 0.65785664, 1830030923304570
0, -4.794987, -29.219177, 1.0689845, 1830030923304570
1, 0.10278582, -0.74446064, 0.65217847, 1830030928309452
0, -6.754174, -28.63078, -0.43962932, 1830030928309452
1, 0.1046307, -0.7481734, 0.6465154, 1830030933283818
0, -7.8488827, -26.415146, -2.1315303, 1830030933283818
1, 0.10613039, -0.75221276, 0.6404873, 1830030938288701
0, -7.462349, -22.901707, -3.0963414, 1830030938288701
1, 0.10826498, -0.7565871, 0.6341512, 1830030943293583
0, -6.5463524, -19.864986, -3.0016108, 1830030943293583
1, 0.11116209, -0.761077, 0.6277868, 1830030948298466
0, -5.3709917, -18.002083, 0.5221764, 1830030948298466
1, 0.115333706, -0.7653314, 0.6217705, 1830030953303349
0, -2.129623, -16.444443, 3.7108312, 1830030953303349
1, 0.1201147, -0.76942253, 0.61589915, 1830030958308232
0, 3.371541, -14.704583, 1.7710912, 1830030958308232
1, 0.12533717, -0.77341, 0.60993636, 1830030963313115
0, 7.9868183, -13.047884, -0.9191723, 1830030963313115
1, 0.13064574, -0.7773581, 0.60370135, 1830030968317997
0, 12.009294, -12.92689, -3.988021, 1830030968317997
1, 0.13680775, -0.78102463, 0.59747654, 1830030973322880
0, 12.08728, -14.16166, -4.022358, 1830030973322880
0, 10.630669, -15.31379, -2.438696, 1830030978297245
1, 0.14283177, -0.78430223, 0.5915828, 1830030978297245
1, 0.14890997, -0.7871221, 0.5861724, 1830030983302128
0, 10.097437, -15.743922, -2.4585228, 1830030983302128
1, 0.15481153, -0.78949386, 0.58129823, 1830030988307011
0, 10.196812, -15.678028, -2.9794502, 1830030988307011
1, 0.16058135, -0.79141325, 0.5769738, 1830030993311894
0, 10.314797, -15.599488, -3.4366386, 1830030993311894
0, 9.998749, -15.717089, -3.3372993, 1830030998316777
1, 0.16670552, -0.7928519, 0.5731916, 1830030998316777
0, 8.036753, -15.124008, -2.9205256, 1830031003321660
1, 0.17306258, -0.7939369, 0.5698466, 1830031003321660
0, 6.367447, -13.324184, -2.1041799, 1830031008326542
1, 0.17974368, -0.7946834, 0.5669539, 1830031008326542
1, 0.1867294, -0.7951345, 0.56445944, 1830031013331425
0, 4.8866143, -10.851712, -1.4090531, 1830031013331425
1, 0.19420594, -0.7952604, 0.56232905, 1830031018336308
0, 3.0683918, -7.880271, -0.8466644, 1830031018336308
1, 0.2013964, -0.79524016, 0.5604157, 1830031023341191
0, 2.3463974, -5.4682713, 0.42099404, 1830031023341191
1, 0.20872161, -0.79501706, 0.55872387, 1830031028315556
0, 0.24362755, -3.3908195, 1.4136078, 1830031028315556
1, 0.21595465, -0.7946884, 0.5571624, 1830031033320439
0, -1.6811185, -1.2122211, 1.9840043, 1830031033320439
0, -3.1976824, 0.6354389, 2.6435792, 1830031038325322
1, 0.22319335, -0.7941949, 0.5557955, 1830031038325322
0, -4.6283903, 2.0643015, 3.3234997, 1830031043330204
1, 0.22971822, -0.7936837, 0.55460155, 1830031043330204
1, 0.2357831, -0.7930942, 0.5536076, 1830031048335087
0, -6.3764267, 4.0049562, 3.4345198, 1830031048335087
1, 0.24111755, -0.7925413, 0.55276996, 1830031053309452
0, -7.5998564, 6.118081, 3.607016, 1830031053309452
0, -8.021872, 7.8749866, 3.7287178, 1830031058314335
1, 0.24597052, -0.7919611, 0.5521154, 1830031058314335
1, 0.24963614, -0.79157436, 0.55157435, 1830031063319218
0, -8.245028, 8.962344, 3.7541196, 1830031063319218
1, 0.25248376, -0.79129094, 0.5511678, 1830031068324101
0, -8.536287, 9.824888, 3.8440332, 1830031068324101
1, 0.25455704, -0.7911042, 0.55090284, 1830031073328984
0, -8.752768, 10.342861, 4.175707, 1830031073328984
1, 0.2562054, -0.79086834, 0.5508652, 1830031078333867
0, -8.71139, 10.724699, 4.5996075, 1830031078333867
1, 0.2567799, -0.79075986, 0.5510484, 1830031083338749
0, -8.367369, 10.949295, 5.2056503, 1830031083338749
1, 0.25676957, -0.79061604, 0.551517, 1830031088343632
0, -7.7489996, 11.007495, 6.029664, 1830031088343632
1, 0.25625253, -0.79040164, 0.55229604, 1830031093348515
0, -6.9662237, 11.069582, 6.8320045, 1830031093348515
1, 0.25566277, -0.7899725, 0.5534277, 1830031098353398
0, -6.2821255, 11.200142, 7.607792, 1830031098353398
1, 0.2544002, -0.7895419, 0.55482864, 1830031103327763
0, -5.828436, 11.578101, 8.034394, 1830031103327763
0, -5.4162474, 12.166838, 8.083949, 1830031108332646
1, 0.25286642, -0.7890058, 0.5564882, 1830031108332646
1, 0.25116435, -0.7883541, 0.5583674, 1830031113337529
0, -5.39392, 12.807275, 7.8218775, 1830031113337529
1, 0.24987684, -0.78745675, 0.5604289, 1830031118342411
0, -5.96206, 13.634923, 7.1660156, 1830031118342411
0, -6.8604374, 14.455405, 6.2984047, 1830031123347294
1, 0.24806805, -0.7866913, 0.5624957, 1830031123347294
0, -8.182938, 14.933783, 5.4289703, 1830031128352177
1, 0.2462524, -0.7859444, 0.5645451, 1830031128352177
0, -9.575664, 15.301951, 4.749456, 1830031133326542
1, 0.24422103, -0.78528786, 0.56654805, 1830031133326542
0, -10.517547, 15.562862, 4.231906, 1830031138331425
1, 0.24204431, -0.7846411, 0.5685852, 1830031138331425
0, -11.018541, 15.353132, 4.112958, 1830031143336308
1, 0.23900297, -0.78420436, 0.5706356, 1830031143336308
0, -10.884668, 15.080281, 4.5829754, 1830031148341191
1, 0.23525815, -0.7837985, 0.5728689, 1830031148341191
0, -10.221585, 14.73054, 5.8359394, 1830031153315556
1, 0.23074104, -0.78327566, 0.5754865, 1830031153315556
0, -8.646048, 14.324509, 7.325282, 1830031158320439
1, 0.22579928, -0.7823332, 0.57875377, 1830031158320439
0, -7.0259542, 13.775434, 8.352301, 1830031163325322
1, 0.21980107, -0.7810648, 0.5827059, 1830031163325322
0, -5.8751926, 13.024976, 8.596895, 1830031168330204
1, 0.21344618, -0.77927077, 0.5873318, 1830031168330204
0, -4.82196, 12.07719, 8.186449, 1830031173335087
1, 0.20682698, -0.7770053, 0.59249455, 1830031173335087
0, -4.115983, 10.931463, 7.604988, 1830031178339970
1, 0.20052019, -0.7742009, 0.59809595, 1830031178339970
0, -3.6159513, 9.52279, 6.624017, 1830031183344853
1, 0.19356872, -0.7712262, 0.60390335, 1830031183344853
0, -3.3675032, 7.9533024, 5.3638964, 1830031188319218
1, 0.18653613, -0.76811343, 0.6097109, 1830031188319218
1, 0.17928047, -0.76501566, 0.6153625, 1830031193324101
0, -3.1308186, 6.601001, 3.9956684, 1830031193324101
0, -2.7484345, 5.6874704, 2.233111, 1830031198328984
1, 0.17223929, -0.7620385, 0.6206455, 1830031198328984
1, 0.16477583, -0.7594724, 0.6253406, 1830031203333867
0, -2.547882, 4.6928997, -0.0011252165, 1830031203333867
0, -2.402582, 3.2534437, -4.539102, 1830031208338749
1, 0.15746291, -0.7574194, 0.6292324, 1830031208338749
1, 0.15092367, -0.7564495, 0.63159215, 1830031213343632
0, -2.3542516, 1.1046476, -13.199836, 1830031213343632
1, 0.14629856, -0.75642234, 0.6324828, 1830031218348515
0, -0.25547385, -0.96322155, -11.008842, 1830031218348515
0, 3.087715, -2.2884283, -5.2277036, 1830031223322880
1, 0.14250177, -0.7569159, 0.63248885, 1830031223322880
0, 6.000945, -3.277316, -2.6673894, 1830031228327763
1, 0.13984191, -0.7576508, 0.6318296, 1830031228327763
1, 0.13857175, -0.7584954, 0.6306182, 1830031233332646
0, 7.8930893, -3.715601, -0.6181663, 1830031233332646
0, 8.547563, -2.6287527, 1.1470009, 1830031238337529
1, 0.13877606, -0.75919026, 0.62918895, 1830031238337529
0, 8.750539, -0.4654789, 1.5526419, 1830031243342411
1, 0.1386361, -0.75989294, 0.62757474, 1830031243342411
0, 8.128752, 1.8800879, 0.6100565, 1830031248347294
1, 0.1381391, -0.7605844, 0.62582, 1830031248347294
0, 7.041148, 3.3859377, -1.1292076, 1830031253352177
1, 0.13720755, -0.7614677, 0.62367535, 1830031253352177
1, 0.1360198, -0.7626995, 0.62087387, 1830031258357060
0, 5.538516, 2.839881, -0.1925745, 1830031258357060
1, 0.13464244, -0.7638903, 0.61780447, 1830031263361943
0, 3.356621, 0.013525963, 6.1434975, 1830031263361943
1, 0.13324712, -0.7643716, 0.6152293, 1830031268366826
0, -0.053920746, -4.1217756, 11.846468, 1830031268366826
1, 0.13245863, -0.7640315, 0.6133384, 1830031273371708
0, -4.95564, -9.334629, 11.010118, 1830031273371708
0, -10.229852, -16.474937, 7.248573, 1830031278346074
1, 0.13344091, -0.7629454, 0.6123258, 1830031278346074
0, -16.076134, -23.448357, -1.2496955, 1830031283350956
1, 0.13590613, -0.7615989, 0.61202747, 1830031283350956
