0, 1.5680797, -1.9323826, 2.8561487, 1829385185451434
1, -0.7259899, -0.2831399, 0.030407473, 1829385185451434
0, 2.0766542, -1.3578892, 2.1521215, 1829385190456317
1, -0.72563845, -0.27914813, 0.031503335, 1829385190456317
0, 2.6409957, -0.63675594, 1.5501112, 1829385195461199
1, -0.72531193, -0.2747281, 0.03195902, 1829385195461199
0, 2.835088, 0.18259525, 1.1829869, 1829385200466082
1, -0.72459507, -0.27109373, 0.03281082, 1829385200466082
0, 3.0066168, 0.789093, 0.8317847, 1829385205470965
1, -0.7237699, -0.26763144, 0.033549696, 1829385205470965
0, 3.131421, 1.2783222, 0.6510304, 1829385210475848
1, -0.7228681, -0.26438424, 0.034181856, 1829385210475848
1, -0.72217077, -0.2606377, 0.034057666, 1829385215480731
0, 3.1351686, 1.7506943, 0.5646657, 1829385215480731
1, -0.72115576, -0.2578628, 0.034483507, 1829385220455096
0, 2.7282875, 2.1654882, 0.6040641, 1829385220455096
1, -0.720115, -0.25518402, 0.034779646, 1829385225459979
0, 1.8951402, 2.4753218, 0.5793041, 1829385225459979
1, -0.7190713, -0.2525509, 0.0349498, 1829385230464861
0, 1.0865052, 2.7260418, 0.43785465, 1829385230464861
1, -0.71831566, -0.24918218, 0.034292534, 1829385235469744
0, 0.25226188, 2.9846382, 0.32148135, 1829385235469744
0, -0.61168504, 3.0001335, 0.20229244, 1829385240474627
1, -0.71733016, -0.24664162, 0.03425875, 1829385240474627
1, -0.71641165, -0.24406768, 0.034178726, 1829385245479510
0, -1.4464996, 2.8784618, 0.3171656, 1829385245479510
1, -0.7155669, -0.2414094, 0.03411728, 1829385250484393
0, -2.276994, 2.7470198, 0.5628947, 1829385250484393
1, -0.71507376, -0.23781541, 0.03336742, 1829385255489276
0, -2.812497, 2.661209, 0.87945676, 1829385255489276
1, -0.7143522, -0.23499607, 0.033449855, 1829385260463641
0, -3.080063, 2.6280785, 1.0799757, 1829385260463641
1, -0.71367174, -0.23203987, 0.033575814, 1829385265468524
0, -3.2947407, 2.5546055, 1.1466765, 1829385265468524
1, -0.713035, -0.22893856, 0.033725135, 1829385270473406
0, -3.341814, 2.4719324, 1.0844333, 1829385270473406
1, -0.71272475, -0.22479746, 0.033087447, 1829385275478289
0, -3.2185876, 2.2941103, 0.83344054, 1829385275478289
0, -2.471651, 2.1836014, 0.6810862, 1829385280483172
1, -0.7121506, -0.22147568, 0.03328582, 1829385280483172
1, -0.71160173, -0.21809052, 0.033380013, 1829385285488055
0, -2.0315616, 2.0680857, 0.44561148, 1829385285488055
0, -1.4220257, 1.8901558, 0.28530157, 1829385290492938
1, -0.71107376, -0.21468927, 0.0334003, 1829385290492938
0, -1.1578207, 1.900835, 0.07596564, 1829385295497820
1, -0.71091133, -0.21014756, 0.03227597, 1829385295497820
0, -0.7904172, 1.9160147, 0.066213965, 1829385300502703
1, -0.71046704, -0.20658313, 0.032064077, 1829385300502703
0, -0.23863125, 1.8706312, 0.09533095, 1829385305507586
1, -0.71003205, -0.20299062, 0.031635854, 1829385305507586
1, -0.70961976, -0.1993686, 0.030966556, 1829385310481951
0, -0.17071533, 1.6999559, 0.16848749, 1829385310481951
1, -0.709467, -0.19469152, 0.029190939, 1829385315486834
0, -0.0058341026, 1.7298384, 0.4400301, 1829385315486834
1, -0.7089765, -0.19107738, 0.02836519, 1829385320491717
0, -0.18399024, 1.8596592, 0.67510724, 1829385320491717
1, -0.70842713, -0.18741664, 0.0275241, 1829385325496600
0, -0.440696, 1.9341488, 0.9733853, 1829385325496600
1, -0.7078006, -0.18372235, 0.026766125, 1829385330501483
0, -0.5402434, 1.9393511, 1.0400543, 1829385330501483
1, -0.7073588, -0.17900771, 0.025149416, 1829385335506365
0, -0.43692946, 1.9256277, 0.81317395, 1829385335506365
1, -0.7065766, -0.17542769, 0.02475941, 1829385340511248
0, -0.2095406, 1.9647226, 0.5903567, 1829385340511248
1, -0.70574224, -0.17197198, 0.02461454, 1829385345516131
0, 0.03890252, 2.018218, 0.4225551, 1829385345516131
0, 0.38233125, 2.0405922, 0.16184777, 1829385350490496
1, -0.7048626, -0.1687006, 0.024747634, 1829385350490496
1, -0.70422935, -0.16430551, 0.02401862, 1829385355495379
0, 0.47771358, 1.6184702, -0.105994284, 1829385355495379
1, -0.70326513, -0.1613117, 0.024885127, 1829385360500262
0, 1.2300315, 1.7998304, -0.20577395, 1829385360500262
1, -0.70229703, -0.1584863, 0.025863018, 1829385365505145
0, 1.9292079, 1.8035955, -0.3593063, 1829385365505145
0, 2.0462017, 1.7948847, -0.44469175, 1829385370479510
1, -0.7013262, -0.15579765, 0.026927516, 1829385370479510
1, -0.7005765, -0.15208547, 0.02703858, 1829385375484393
0, 2.4467146, 1.781229, -0.48670483, 1829385375484393
1, -0.6995401, -0.14986548, 0.028536325, 1829385380489276
0, 2.8653893, 1.8291988, -0.47943524, 1829385380489276
1, -0.6984943, -0.14787336, 0.030132324, 1829385385494158
0, 2.8372028, 1.7855501, -0.63128364, 1829385385494158
1, -0.6974455, -0.14602686, 0.031813845, 1829385390499041
0, 2.7820172, 1.7462215, -0.92107844, 1829385390499041
1, -0.6966646, -0.14306754, 0.032312755, 1829385395503924
0, 2.8027706, 1.6131907, -1.2575322, 1829385395503924
1, -0.6956666, -0.1413712, 0.034022525, 1829385400508807
0, 2.7846055, 1.3698692, -1.5590677, 1829385400508807
1, -0.6947164, -0.13974556, 0.035752695, 1829385405513690
0, 2.7659364, 1.1096783, -1.8899434, 1829385405513690
0, 2.6962993, 0.9139404, -2.1675873, 1829385410518572
1, -0.6938545, -0.13820606, 0.037492678, 1829385410518572
1, -0.693351, -0.13551016, 0.037946988, 1829385415523455
0, 2.7070584, 0.66301346, -2.3506584, 1829385415523455
0, 2.6522806, 0.4765892, -2.4722157, 1829385420528338
1, -0.69271016, -0.1342634, 0.039772578, 1829385420528338
1, -0.6922014, -0.133162, 0.04167551, 1829385425533221
0, 2.5731232, 0.32358456, -2.3955412, 1829385425533221
0, 2.7539968, 0.3426695, -2.1396542, 1829385430507586
1, -0.69182515, -0.1322348, 0.04364615, 1829385430507586
0, 3.1683717, 0.5408611, -1.6408187, 1829385435512469
1, -0.69173265, -0.1305049, 0.044674646, 1829385435512469
0, 3.3627584, 0.8412485, -0.92899954, 1829385440517352
1, -0.69150096, -0.12995806, 0.04673166, 1829385440517352
0, 3.3107753, 1.21978, -0.39146656, 1829385445522235
1, -0.69127524, -0.12947413, 0.048683763, 1829385445522235
0, 4.0002832, 1.0235815, -0.3154306, 1829385450527117
1, -0.69101894, -0.12927061, 0.050689172, 1829385450527117
0, 4.014542, 1.1187077, 0.05298183, 1829385455532000
1, -0.69094217, -0.12816106, 0.05139567, 1829385455532000
1, -0.6905682, -0.12841526, 0.053178262, 1829385460536883
0, 3.504767, 1.1006889, 0.27421424, 1829385460536883
0, 2.7054596, 0.80489445, 0.30237126, 1829385465541766
1, -0.69013834, -0.12865326, 0.054797556, 1829385465541766
1, -0.68968815, -0.12891258, 0.056288827, 1829385470546649
0, 2.3207018, 0.918026, 0.2032041, 1829385470546649
0, 1.9713533, 0.7293682, -0.014753714, 1829385475521014
1, -0.68952435, -0.12781979, 0.056164116, 1829385475521014
1, -0.68911266, -0.12820548, 0.05742788, 1829385480525897
0, 1.7112342, 0.37810612, 0.017010033, 1829385480525897
0, 1.6055605, 0.027133942, -0.050661385, 1829385485530779
1, -0.68873215, -0.12865461, 0.058663238, 1829385485530779
1, -0.6883826, -0.12915684, 0.05984027, 1829385490535662
0, 1.773809, -0.2948141, -0.26089802, 1829385490535662
0, 1.8183453, -0.5376053, -0.33392534, 1829385495510028
1, -0.6882996, -0.12838799, 0.059578232, 1829385495510028
0, 1.6629682, -0.73003674, -0.5333061, 1829385500514910
1, -0.6880059, -0.12885284, 0.060499173, 1829385500514910
0, 1.6026905, -0.9199009, -0.90474033, 1829385505519793
1, -0.6877448, -0.1292124, 0.06126013, 1829385505519793
1, -0.68754864, -0.12947218, 0.061866596, 1829385510524676
0, 1.5706193, -1.0737209, -1.4138143, 1829385510524676
1, -0.68745035, -0.12963489, 0.0623122, 1829385515529559
0, 1.6289802, -1.2297621, -1.9615104, 1829385515529559
1, -0.68772715, -0.12839767, 0.061249554, 1829385520534442
0, 1.6199064, -1.2684364, -2.3649898, 1829385520534442
1, -0.6879418, -0.12832399, 0.061324824, 1829385525539324
0, 2.0677361, -1.7564917, -2.5967717, 1829385525539324
1, -0.6883335, -0.12847121, 0.06136675, 1829385530544207
0, 3.2693157, -2.3515644, -2.0614836, 1829385530544207
1, -0.6888586, -0.12878235, 0.06120388, 1829385535549090
0, 3.8822527, -2.5970364, -1.0430166, 1829385535549090
1, -0.6896598, -0.12793723, 0.059468582, 1829385540523455
0, 4.767955, -3.0075655, -0.27911445, 1829385540523455
0, 5.676195, -3.4683304, 0.18059678, 1829385545528338
1, -0.6901693, -0.12863207, 0.058867723, 1829385545528338
1, -0.6905553, -0.12959827, 0.05800652, 1829385550533221
0, 6.2201667, -3.733203, 0.35832205, 1829385550533221
1, -0.69081134, -0.13088366, 0.056918524, 1829385555538104
0, 6.299138, -3.6925774, 0.191888, 1829385555538104
1, -0.69119716, -0.13134837, 0.054453038, 1829385560542986
0, 6.004525, -3.2942505, -0.11164361, 1829385560542986
1, -0.69131577, -0.13344277, 0.053147167, 1829385565547869
0, 5.617059, -2.686964, -0.54560494, 1829385565547869
1, -0.6914436, -0.13606477, 0.05189095, 1829385570552752
0, 5.292963, -1.9140177, -0.65556645, 1829385570552752
1, -0.6915799, -0.13922013, 0.050710242, 1829385575557635
0, 4.8434196, -1.0474234, -0.27854934, 1829385575557635
1, -0.6918731, -0.14184913, 0.048558667, 1829385580562518
0, 4.4937563, -0.5297651, 0.112120226, 1829385580562518
1, -0.69185114, -0.14593162, 0.04744144, 1829385585567401
0, 4.1093664, -0.44930553, 0.28015363, 1829385585567401
0, 3.3849928, -0.45877266, 0.1098778, 1829385590572283
1, -0.69171876, -0.15028806, 0.04624791, 1829385590572283
1, -0.6915337, -0.15470926, 0.044960752, 1829385595577166
0, 2.4095235, -0.67735577, -0.33600658, 1829385595577166
1, -0.69156015, -0.15805651, 0.042337958, 1829385600582049
0, 1.7730913, -1.2700243, -1.0765331, 1829385600582049
0, 0.77186763, -1.8012466, -2.353244, 1829385605556414
1, -0.69147307, -0.16222171, 0.040277544, 1829385605556414
1, -0.691668, -0.16623724, 0.037717246, 1829385610561297
0, -0.07733488, -2.192439, -3.373738, 1829385610561297
1, -0.6922467, -0.16998966, 0.034673087, 1829385615566180
0, -1.2799791, -2.4436255, -4.1935544, 1829385615566180
1, -0.6934601, -0.17247956, 0.030145578, 1829385620571063
0, -1.9933721, -3.1935453, -4.827107, 1829385620571063
1, -0.69480217, -0.1756036, 0.026079219, 1829385625545428
0, -2.624327, -3.855793, -5.433428, 1829385625545428
1, -0.6965115, -0.17848533, 0.021652797, 1829385630550311
0, -3.2868555, -4.5477266, -5.659938, 1829385630550311
1, -0.6985809, -0.1811536, 0.017120767, 1829385635555194
0, -3.8127863, -5.139642, -5.4563575, 1829385635555194
1, -0.70120126, -0.18282351, 0.011878278, 1829385640560076
0, -4.3531685, -5.6863594, -4.468688, 1829385640560076
0, -4.7603946, -6.0488615, -2.593326, 1829385645564959
1, -0.70387214, -0.18516162, 0.007701561, 1829385645564959
1, -0.7066627, -0.18751536, 0.0040466134, 1829385650569842
0, -4.9304137, -6.3393717, -0.31653678, 1829385650569842
1, -0.7094434, -0.19001979, 0.0011208546, 1829385655574725
0, -5.0084343, -6.478567, 1.7390399, 1829385655574725
1, -0.7122928, -0.19211684, -0.0015211194, 1829385660579608
0, -5.0220985, -6.4923525, 3.461337, 1829385660579608
1, -0.71478266, -0.19496143, -0.0027148854, 1829385665553973
0, -4.8439198, -6.3705587, 4.8662233, 1829385665553973
1, -0.7169994, -0.19787022, -0.0032305417, 1829385670558856
0, -4.403931, -6.1419306, 5.9869266, 1829385670558856
1, -0.7188532, -0.20060517, -0.0033763398, 1829385675563738
0, -3.9625545, -5.8348656, 6.2779093, 1829385675563738
1, -0.7205134, -0.20232339, -0.0040129023, 1829385680568621
0, -3.4591107, -5.571143, 5.6366253, 1829385680568621
1, -0.72163886, -0.20444342, -0.0039865836, 1829385685573504
0, -2.6228333, -5.2887154, 3.9950464, 1829385685573504
0, -1.430157, -5.055482, 1.5274584, 1829385690578387
1, -0.7225322, -0.2064356, -0.0040230523, 1829385690578387
1, -0.72338307, -0.20839883, -0.0042538787, 1829385695583270
0, -0.14202738, -5.066332, -1.3960959, 1829385695583270
0, 1.107626, -5.293767, -3.9541574, 1829385700557635
1, -0.72449714, -0.2098936, -0.0052892035, 1829385700557635
0, 1.8447888, -5.260956, -5.247834, 1829385705562518
1, -0.72574395, -0.21180542, -0.006543642, 1829385705562518
0, 1.8404849, -5.119443, -5.0780673, 1829385710567401
1, -0.7272563, -0.2137157, -0.008352287, 1829385710567401
1, -0.7289848, -0.21559605, -0.010588576, 1829385715572283
0, 1.4366612, -4.9168797, -4.0953436, 1829385715572283
1, -0.73095375, -0.21698463, -0.013530318, 1829385720577166
0, 1.0489788, -4.43025, -2.690754, 1829385720577166
0, 0.6974127, -3.9533453, -1.1549835, 1829385725582049
0, -0.005355358, -3.4879007, -0.15884912, 1829385730586932
1, -0.7327518, -0.21887256, -0.016203448, 1829385725582049
1, -0.7344631, -0.2206418, -0.019086543, 1829385730586932
1, -0.7360757, -0.22226739, -0.022117456, 1829385735591815
0, -0.42139816, -2.887288, 0.2204076, 1829385735591815
1, -0.7375592, -0.22399491, -0.025179455, 1829385740596697
0, 0.40573072, -2.0370483, 0.7573327, 1829385740596697
1, -0.73872894, -0.22641647, -0.027868632, 1829385745601580
0, 0.729259, -1.3016653, 1.4733515, 1829385745601580
0, 0.45378256, -0.7285671, 1.6657462, 1829385750575945
1, -0.7396612, -0.22913212, -0.03049294, 1829385750575945
1, -0.74044234, -0.23204218, -0.03311901, 1829385755580828
0, 0.080302715, -0.11921406, 1.5348581, 1829385755580828
1, -0.75594115, -0.2561995, -0.038889516, 1829391431811828
0, -3.0296443, -1.2880373, 1.2050686, 1829391431811828
0, -2.2652204, -1.0397978, -0.10814428, 1829391436786193
1, -0.75499904, -0.2537573, -0.04095583, 1829391436786193
1, -0.7540042, -0.25228053, -0.042361833, 1829391441791076
0, -2.0131493, -1.0763445, -1.037224, 1829391441791076
0, -2.2444656, -1.2227964, -2.130148, 1829391446795959
1, -0.7534128, -0.250452, -0.044142198, 1829391446795959
0, -2.3366647, -1.2181044, -3.1431568, 1829391451800842
1, -0.75303704, -0.24879043, -0.045874495, 1829391451800842
0, -2.8754716, -1.1433353, -3.1038964, 1829391456805724
1, -0.7528976, -0.247037, -0.047695357, 1829391456805724
0, -3.5477343, -0.95422363, -1.3796146, 1829391461810607
1, -0.7527216, -0.2456146, -0.04909639, 1829391461810607
0, -3.9163935, -0.6921177, 0.9788971, 1829391466815490
1, -0.75292176, -0.24277225, -0.051350135, 1829391466815490
0, -3.992894, -0.37048435, 2.3904111, 1829391471820373
1, -0.75313956, -0.23946413, -0.053629518, 1829391471820373
0, -4.009639, -0.2259407, 3.0297618, 1829391476825256
1, -0.753329, -0.23581026, -0.055835865, 1829391476825256
0, -3.8850067, -0.3155403, 3.8161764, 1829391481830139
1, -0.7532676, -0.23249178, -0.057397466, 1829391481830139
0, -4.013292, -0.5956068, 4.332572, 1829391486835021
1, -0.75333214, -0.22822231, -0.05929839, 1829391486835021
0, -4.077688, -1.0030994, 4.1952486, 1829391491839904
1, -0.7533174, -0.22355437, -0.06102376, 1829391491839904
0, -4.0366907, -1.4132652, 3.5388176, 1829391496844787
1, -0.7532552, -0.21841244, -0.062587544, 1829391496844787
0, -4.010135, -1.8050652, 2.812113, 1829391501819152
1, -0.7529764, -0.21349588, -0.063441485, 1829391501819152
0, -4.406706, -2.609521, 2.0028129, 1829391506824035
1, -0.75294447, -0.20739461, -0.064712584, 1829391506824035
0, -4.644842, -3.248703, 1.5053279, 1829391511828918
1, -0.7530394, -0.20099103, -0.06573715, 1829391511828918
0, -4.452353, -3.4438477, 1.6112604, 1829391516833801
1, -0.75324994, -0.19457133, -0.06636091, 1829391516833801
0, -3.9648514, -3.5094805, 1.9860713, 1829391521838683
1, -0.753371, -0.18904307, -0.06593977, 1829391521838683
0, -3.23893, -3.4534407, 2.3591642, 1829391526843566
1, -0.7537218, -0.1831733, -0.06560256, 1829391526843566
0, -2.4915886, -3.3336525, 2.7179227, 1829391531817931
1, -0.7540968, -0.1777068, -0.06482711, 1829391531817931
1, -0.754414, -0.17258036, -0.063670635, 1829391536822814
0, -1.538804, -3.013341, 3.1789474, 1829391536822814
1, -0.75446236, -0.16832045, -0.061789498, 1829391541827697
0, -0.44451737, -2.6026, 3.5166433, 1829391541827697
0, 0.67487454, -2.1110916, 3.3626442, 1829391546832580
1, -0.75439614, -0.16396411, -0.06007794, 1829391546832580
0, 1.7359378, -1.7903032, 2.8998659, 1829391551837463
1, -0.75407284, -0.15993822, -0.058308013, 1829391551837463
0, 2.5911984, -1.4346514, 2.2736082, 1829391556842346
1, -0.7534896, -0.1561566, -0.05664723, 1829391556842346
0, 3.1156056, -0.99678135, 1.5755838, 1829391561847228
1, -0.7526412, -0.15279211, -0.054997277, 1829391561847228
0, 3.144441, -0.6827612, 0.8099594, 1829391566852111
1, -0.7517228, -0.14919785, -0.053882517, 1829391566852111
0, 3.0803545, -0.2487297, -0.06902909, 1829391571856994
1, -0.75076073, -0.14560059, -0.053097446, 1829391571856994
0, 3.1045196, 0.40494823, -0.5106323, 1829391576831359
1, -0.7498164, -0.14213142, -0.052605458, 1829391576831359
0, 3.143289, 1.244607, -0.32798958, 1829391581836242
1, -0.7488807, -0.13888377, -0.052289587, 1829391581836242
0, 2.8071995, 1.9019871, 0.25582218, 1829391586841125
1, -0.74793786, -0.13587372, -0.05207492, 1829391586841125
0, 2.3696144, 2.3537788, 0.48805892, 1829391591846008
1, -0.7469606, -0.13307658, -0.05193864, 1829391591846008
1, -0.7459501, -0.13039446, -0.051955633, 1829391596850890
0, 1.7731586, 2.68643, 0.6962428, 1829391596850890
1, -0.74487793, -0.12786977, -0.052043404, 1829391601855773
0, 1.0374982, 2.8333483, 0.87018585, 1829391601855773
1, -0.74379337, -0.12527904, -0.052340783, 1829391606860656
0, 0.25682378, 2.8524113, 0.68941474, 1829391606860656
1, -0.74271935, -0.12264853, -0.052743055, 1829391611865539
0, -0.6251197, 2.9208956, 0.5329776, 1829391611865539
1, -0.7416956, -0.11997501, -0.053192616, 1829391616839904
0, -1.3847685, 2.845129, 0.52895594, 1829391616839904
0, -2.0397465, 2.6568298, 0.5814847, 1829391621844787
1, -0.74070716, -0.11733108, -0.053511895, 1829391621844787
1, -0.73980296, -0.11450456, -0.053830538, 1829391626849670
0, -2.5126019, 2.5308704, 0.79396534, 1829391626849670
1, -0.73894876, -0.11161369, -0.054038588, 1829391631854553
0, -2.7194748, 2.4577703, 0.92418027, 1829391631854553
0, -2.8969772, 2.322834, 1.1249524, 1829391636859435
1, -0.73813784, -0.10860899, -0.0541452, 1829391636859435
1, -0.7373612, -0.10539309, -0.05427853, 1829391641864318
0, -2.5525177, 2.1835718, 1.2137518, 1829391641864318
1, -0.7365727, -0.10228022, -0.05431561, 1829391646838683
0, -2.0355215, 2.0467339, 1.1618497, 1829391646838683
1, -0.7357697, -0.09911583, -0.05442682, 1829391651843566
0, -1.6145883, 1.8955021, 1.097816, 1829391651843566
0, -1.1921716, 1.7417202, 0.9955657, 1829391656848449
1, -0.73495895, -0.09590788, -0.054650083, 1829391656848449
0, -0.8307146, 1.5637665, 0.9271231, 1829391661853332
1, -0.7341774, -0.09242042, -0.05521663, 1829391661853332
0, -0.4896958, 1.3784513, 0.86809236, 1829391666858215
1, -0.7333559, -0.08905546, -0.055771373, 1829391666858215
0, -0.12173903, 1.2645969, 0.7680259, 1829391671863097
1, -0.7325127, -0.08562139, -0.056528226, 1829391671863097
1, -0.731656, -0.08214211, -0.057518505, 1829391676867980
0, 0.2652222, 1.0283079, 0.5961236, 1829391676867980
1, -0.7308026, -0.07850241, -0.058879238, 1829391681872863
0, 0.43860304, 0.9828453, 0.4865976, 1829391681872863
0, 0.36810064, 1.0443964, 0.41563118, 1829391686877746
1, -0.729927, -0.07498227, -0.0602974, 1829391686877746
0, 0.2465651, 1.2059078, 0.49330002, 1829391691882629
1, -0.7290385, -0.0714788, -0.061773606, 1829391691882629
0, 0.16574335, 1.3765411, 0.6834823, 1829391696856994
1, -0.72812635, -0.06803733, -0.06321185, 1829391696856994
0, 0.22940028, 1.5493851, 0.8536856, 1829391701861877
1, -0.72721505, -0.06405377, -0.06511729, 1829391701861877
0, 0.33969748, 1.7292662, 0.826641, 1829391706866760
1, -0.726193, -0.060723692, -0.06634855, 1829391706866760
0, 0.5831835, 1.9449711, 0.7291742, 1829391711871642
1, -0.72511405, -0.05745557, -0.06743068, 1829391711871642
0, 0.7040068, 2.088811, 0.509134, 1829391716876525
1, -0.7239968, -0.054247715, -0.06834217, 1829391716876525
0, 0.8464645, 1.8047085, 0.27434027, 1829391721881408
1, -0.7228575, -0.05090415, -0.069211915, 1829391721881408
0, 1.1697646, 1.5213871, -0.05408302, 1829391726886291
1, -0.7216762, -0.04778065, -0.06961773, 1829391726886291
0, 1.9060922, 1.8553867, -0.31240985, 1829391731860656
1, -0.72049034, -0.044859864, -0.06975761, 1829391731860656
1, -0.71930724, -0.042091068, -0.069742754, 1829391736865539
0, 2.2236888, 1.7894115, -0.4742508, 1829391736865539
0, 2.4676971, 1.7161646, -0.5184525, 1829391741870422
1, -0.71812415, -0.039299507, -0.06971321, 1829391741870422
0, 2.3368201, 1.7958603, -0.55081666, 1829391746875305
1, -0.7169068, -0.036820818, -0.0693213, 1829391746875305
0, 2.5160656, 1.746232, -0.671847, 1829391751880187
1, -0.71566916, -0.034473605, -0.068715826, 1829391751880187
0, 2.695949, 1.7610111, -0.6990645, 1829391756885070
1, -0.71442455, -0.032399766, -0.067805335, 1829391756885070
0, 2.5458689, 1.8304491, -0.76688606, 1829391761889953
1, -0.7131886, -0.030010223, -0.06717678, 1829391761889953
0, 2.4444327, 1.8660707, -0.8105141, 1829391766864318
1, -0.7119267, -0.028246813, -0.06588663, 1829391766864318
0, 2.2775402, 1.9732151, -0.887864, 1829391771869201
1, -0.71064824, -0.02652771, -0.06444001, 1829391771869201
0, 2.3297849, 2.0298147, -0.9892747, 1829391776874084
1, -0.70935696, -0.024865348, -0.06284688, 1829391776874084
0, 2.2297058, 1.9425974, -1.1338537, 1829391781878967
1, -0.70806897, -0.022800015, -0.061585885, 1829391781878967
0, 2.2814894, 1.87673, -1.4721698, 1829391786883849
1, -0.7067651, -0.021200582, -0.05978779, 1829391786883849
0, 2.472817, 1.8058777, -1.7499136, 1829391791888732
1, -0.70547944, -0.019659737, -0.057878368, 1829391791888732
0, 2.6715076, 1.6008568, -2.038494, 1829391796893615
1, -0.7042274, -0.018218584, -0.055849083, 1829391796893615
1, -0.7030462, -0.016438307, -0.054172456, 1829391801898498
0, 3.0064065, 1.3407469, -2.2534127, 1829391801898498
1, -0.701953, -0.0153436195, -0.05188147, 1829391806872863
0, 3.4239728, 1.1929407, -2.1661246, 1829391806872863
1, -0.7009635, -0.014441145, -0.049472112, 1829391811877746
0, 3.5770354, 1.2984114, -1.7382667, 1829391811877746
0, 4.0130305, 1.1212053, -1.2553704, 1829391816882629
1, -0.70005506, -0.013776124, -0.04695786, 1829391816882629
0, 4.5360703, 1.0321827, -0.73968935, 1829391821887512
1, -0.69920844, -0.013020751, -0.04482379, 1829391821887512
1, -0.69831717, -0.0132307615, -0.042139627, 1829391826892394
0, 4.4953604, 0.9186678, -0.43058157, 1829391826892394
1, -0.6973473, -0.013628319, -0.039684087, 1829391831897277
0, 4.2502594, 0.6539364, -0.5328528, 1829391831897277
1, -0.69632894, -0.014110786, -0.037544522, 1829391836902160
0, 3.913486, 0.29563904, -0.9930707, 1829391836902160
0, 3.447032, -0.115371704, -1.6848541, 1829391841907043
1, -0.6953472, -0.013980973, -0.03641672, 1829391841907043
1, -0.6944766, -0.0144809075, -0.034941867, 1829391846911926
0, 2.7801147, -0.41384602, -2.308667, 1829391846911926
1, -0.6937828, -0.014967057, -0.033694774, 1829391851916808
0, 2.1820312, -0.6786423, -2.3699293, 1829391851916808
1, -0.6932837, -0.015376776, -0.032626715, 1829391856891174
0, 1.5801212, -0.933527, -2.0860977, 1829391856891174
1, -0.6929657, -0.015092454, -0.032340974, 1829391861896056
0, 1.607, -1.0349531, -1.7380091, 1829391861896056
1, -0.692769, -0.015584552, -0.03136396, 1829391866900939
0, 1.9818302, -1.019002, -1.4461112, 1829391866900939
0, 2.3139777, -0.9146023, -1.443471, 1829391871905822
1, -0.6926757, -0.016193207, -0.030413436, 1829391871905822
0, 2.608772, -0.83664036, -1.6160736, 1829391876910705
1, -0.692653, -0.016864795, -0.029505601, 1829391876910705
0, 2.761326, -0.83767414, -1.8633329, 1829391881915588
1, -0.69272214, -0.016785126, -0.029451393, 1829391881915588
1, -0.6928491, -0.017376084, -0.0287488, 1829391886889953
0, 2.8318057, -0.8936815, -2.1182046, 1829391886889953
1, -0.6930487, -0.017932603, -0.028097903, 1829391891894836
0, 2.926011, -1.030859, -2.2155414, 1829391891894836
0, 3.0248008, -1.3064575, -2.095014, 1829391896899719
1, -0.6933388, -0.018478025, -0.027470702, 1829391896899719
1, -0.6937568, -0.018522225, -0.027411355, 1829391901904601
0, 3.359938, -1.763341, -1.8469416, 1829391901904601
1, -0.6942676, -0.019159812, -0.026818125, 1829391906909484
0, 3.6197166, -2.1741486, -1.4020584, 1829391906909484
1, -0.6948504, -0.019921007, -0.02626281, 1829391911914367
0, 4.490145, -3.2157612, -1.1179724, 1829391911914367
1, -0.6954783, -0.021113416, -0.025634263, 1829391916919250
0, 5.5399137, -4.177349, -0.8347399, 1829391916919250
1, -0.6961302, -0.022182425, -0.02555846, 1829391921924133
0, 5.7723646, -4.49247, -0.6418525, 1829391921924133
1, -0.6967676, -0.024035385, -0.025087897, 1829391926929015
0, 6.0855155, -4.6306505, -0.8316504, 1829391926929015
1, -0.69744456, -0.026327537, -0.02463358, 1829391931933898
0, 6.272784, -4.238243, -1.1011711, 1829391931933898
1, -0.6981912, -0.029089894, -0.02422736, 1829391936938781
0, 6.00776, -3.4403896, -1.1166276, 1829391936938781
1, -0.6990304, -0.031736054, -0.024457188, 1829391941913146
0, 5.4893713, -2.553318, -0.9546194, 1829391941913146
1, -0.6999173, -0.03526944, -0.024276389, 1829391946918029
0, 4.789727, -1.8426867, -0.76584893, 1829391946918029
1, -0.7008745, -0.03907883, -0.024237169, 1829391951922912
0, 4.2019434, -1.3800116, -0.5622718, 1829391951922912
0, 3.5776968, -1.1818428, -0.3938945, 1829391956927795
1, -0.70191413, -0.043047205, -0.024449477, 1829391956927795
0, 2.5067306, -0.8509426, -0.1079937, 1829391961932678
1, -0.7030587, -0.046517957, -0.025465377, 1829391961932678
0, 1.3261641, -0.4926405, 0.2940416, 1829391966937560
1, -0.7042093, -0.05025685, -0.026365567, 1829391966937560
0, 0.6312318, -0.78854084, 0.22467071, 1829391971942443
1, -0.70536333, -0.053787813, -0.027689243, 1829391971942443
0, 0.0807364, -1.307641, -0.49010685, 1829391976947326
1, -0.7065598, -0.057009947, -0.029624112, 1829391976947326
0, -0.4132372, -1.7053556, -1.365994, 1829391981921691
1, -0.7079515, -0.059495863, -0.032545295, 1829391981921691
0, -1.0522096, -1.9438381, -2.2649045, 1829391986926574
1, -0.7096085, -0.06219982, -0.035535242, 1829391986926574
0, -1.4205757, -2.3986988, -2.975849, 1829391991931457
1, -0.71157426, -0.06471062, -0.038893435, 1829391991931457
0, -1.6315994, -2.9551096, -3.6014144, 1829391996936340
1, -0.71377474, -0.0670152, -0.042676654, 1829391996936340
0, -1.9110345, -3.5506992, -4.171567, 1829392001941222
1, -0.7162096, -0.068643875, -0.04720617, 1829392001941222
0, -2.117469, -4.0153265, -4.8778615, 1829392006915588
1, -0.7187785, -0.070631154, -0.051285632, 1829392006915588
0, -2.284044, -4.430604, -5.2436, 1829392011920471
1, -0.72160053, -0.07269622, -0.055169255, 1829392011920471
0, -2.5283716, -4.751136, -4.79752, 1829392016925353
1, -0.72473365, -0.07491784, -0.05863489, 1829392016925353
0, -2.927362, -4.919595, -2.7358, 1829392021930236
1, -0.72819185, -0.07691384, -0.061901916, 1829392021930236
0, -3.2355123, -5.0410614, -0.13966268, 1829392026935119
1, -0.73174727, -0.0795043, -0.06411958, 1829392026935119
0, -3.3396683, -5.143856, 2.118427, 1829392031940002
1, -0.73531675, -0.08230985, -0.065611646, 1829392031940002
0, -3.285312, -5.115182, 4.138399, 1829392036944885
1, -0.7387961, -0.08530072, -0.06641838, 1829392036944885
0, -3.2237647, -5.0144596, 5.6743484, 1829392041949767
1, -0.74207664, -0.08819063, -0.06683708, 1829392041949767
1, -0.7450058, -0.091115475, -0.06681098, 1829392046954650
0, -2.9812472, -4.879321, 6.640827, 1829392046954650
0, -2.5424333, -4.6158295, 6.9836817, 1829392051959533
1, -0.74748045, -0.09386639, -0.06661627, 1829392051959533
0, -1.870234, -4.345376, 6.628375, 1829392056933898
1, -0.74941635, -0.096425265, -0.066338934, 1829392056933898
1, -0.7508584, -0.09882691, -0.06612623, 1829392061908264
0, -0.94582033, -4.063369, 5.3702984, 1829392061908264
1, -0.7519327, -0.10114204, -0.066091634, 1829392066913146
0, -0.054285526, -3.8662233, 3.0600846, 1829392066913146
0, 0.745718, -3.6759186, -0.087696314, 1829392071918029
1, -0.75286233, -0.103321545, -0.06636642, 1829392071918029
0, 1.3531044, -3.5942802, -3.208274, 1829392076922912
1, -0.75390047, -0.10543721, -0.06694104, 1829392076922912
1, -0.75522375, -0.10761954, -0.06776275, 1829392081927795
0, 1.8414688, -3.6608772, -5.1251254, 1829392081927795
1, -0.7568722, -0.109959975, -0.06878141, 1829392086932678
0, 2.052568, -3.7258644, -5.3746004, 1829392086932678
1, -0.7587714, -0.11255335, -0.06990514, 1829392091937560
0, 2.3386164, -3.6650267, -4.401331, 1829392091937560
1, -0.76081145, -0.115415074, -0.071123175, 1829392096942443
0, 2.3309188, -3.4664822, -2.8883967, 1829392096942443
1, -0.76284504, -0.118382454, -0.072535045, 1829392101947326
0, 2.1137629, -3.182376, -0.55836177, 1829392101947326
1, -0.7647057, -0.121705994, -0.073953494, 1829392106952209
0, 2.6036096, -2.7257442, 0.82052004, 1829392106952209
1, -0.7663165, -0.12555265, -0.075340144, 1829392111957092
0, 3.0807464, -2.3144388, 1.7113879, 1829392111957092
1, -0.76766723, -0.12992734, -0.07676927, 1829392116961974
0, 2.9001343, -1.6617975, 1.8698518, 1829392116961974
1, -0.7688419, -0.13455543, -0.0783452, 1829392121966857
0, 1.9751115, -1.0478659, 1.7233131, 1829392121966857
1, -0.76983047, -0.13961698, -0.0797385, 1829392126971740
0, 0.99559975, -0.6251612, 1.8735175, 1829392126971740
1, -0.7707555, -0.1443542, -0.08139907, 1829392131946105
0, -0.057658672, -0.3138008, 2.1549163, 1829392131946105
1, -0.7716004, -0.1491247, -0.0830062, 1829392136950988
0, -1.0260882, -0.037161827, 2.2552593, 1829392136950988
0, -1.8552756, 0.3920288, 2.554759, 1829392141955871
1, -0.7723627, -0.15387084, -0.084488966, 1829392141955871
1, -0.7730002, -0.15867291, -0.08573212, 1829392146960754
0, -2.9562724, 0.7348833, 2.9688046, 1829392146960754
0, -3.6937702, 1.0448942, 3.011139, 1829392151965637
1, -0.77360463, -0.16304906, -0.08704522, 1829392151965637
0, -3.9309754, 1.4322271, 2.5877912, 1829392156970519
1, -0.77415043, -0.16741784, -0.088078626, 1829392156970519
0, -4.1438046, 1.7817259, 2.6174548, 1829392161975402
1, -0.7746811, -0.17184253, -0.0887576, 1829392161975402
0, -4.5162783, 2.0815134, 3.188392, 1829392166980285
1, -0.7751879, -0.1763223, -0.08906462, 1829392166980285
0, -4.6458254, 2.3828926, 3.3913984, 1829392171954650
1, -0.7756845, -0.18052809, -0.089211695, 1829392171954650
0, -4.6501136, 2.7622728, 3.2825298, 1829392176959533
1, -0.77615035, -0.18470208, -0.08903912, 1829392176959533
0, -4.6698027, 3.0736904, 3.2578294, 1829392181964416
1, -0.77661026, -0.18887915, -0.08848192, 1829392181964416
0, -4.704568, 3.3388023, 3.3630145, 1829392186969299
1, -0.7769611, -0.19350733, -0.08717977, 1829392186969299
0, -4.5390387, 3.467101, 3.4205792, 1829392191974181
1, -0.77740526, -0.19770473, -0.085802525, 1829392191974181
0, -4.3172245, 3.5761032, 3.3963604, 1829392196979064
1, -0.7778197, -0.20189148, -0.084045134, 1829392196979064
0, -4.1807146, 3.6705189, 3.1922803, 1829392201983947
1, -0.77821755, -0.20602395, -0.08196429, 1829392201983947
0, -4.012697, 3.7790031, 3.1048782, 1829392206988830
1, -0.7784965, -0.21044555, -0.079331204, 1829392206988830
0, -3.7945578, 3.9230843, 3.030551, 1829392211963195
1, -0.77884734, -0.21436962, -0.07677093, 1829392211963195
0, -3.6393468, 4.040144, 2.9435987, 1829392216968078
1, -0.77917594, -0.21823202, -0.0739931, 1829392216968078
0, -3.4877062, 4.099165, 2.8648505, 1829392221972961
1, -0.7794709, -0.22199032, -0.07105424, 1829392221972961
0, -3.4485173, 3.9923716, 2.9633265, 1829392226977844
1, -0.77958715, -0.22603755, -0.06772771, 1829392226977844
0, -3.5547783, 3.9066057, 2.9519122, 1829392231982726
1, -0.7797755, -0.22953263, -0.06460436, 1829392231982726
0, -3.406567, 3.8779058, 2.744795, 1829392236987609
1, -0.7799251, -0.2329043, -0.061355025, 1829392236987609
0, -3.1916833, 3.9489202, 2.576258, 1829392241992492
1, -0.78002816, -0.23615281, -0.05804962, 1829392241992492
0, -3.1482472, 3.9495335, 2.4909093, 1829392246966857
1, -0.7799757, -0.23953833, -0.05455759, 1829392246966857
0, -3.171005, 3.9036875, 2.3213234, 1829392251971740
1, -0.77996826, -0.24243033, -0.051348228, 1829392251971740
0, -3.1600564, 3.8160963, 2.2729263, 1829392256976623
1, -0.77990484, -0.24511299, -0.048248492, 1829392256976623
0, -3.240098, 3.7323418, 2.2518506, 1829392261981506
1, -0.77978945, -0.24753074, -0.045302715, 1829392261981506
0, -3.3993328, 3.7458544, 2.319572, 1829392266986389
1, -0.77933234, -0.25051975, -0.04190029, 1829392266986389
0, -3.3174796, 3.7920732, 2.30802, 1829392271991271
1, -0.7790674, -0.25236315, -0.039327554, 1829392271991271
0, -3.7895613, 4.1387835, 2.3528385, 1829392276996154
1, -0.77872646, -0.25384185, -0.037021, 1829392276996154
0, -3.8744655, 4.4513855, 2.264363, 1829392282001037
1, -0.77831554, -0.2548833, -0.03500445, 1829392282001037
0, -3.7299209, 4.53642, 2.105028, 1829392286975402
1, -0.7776485, -0.25606015, -0.032825373, 1829392286975402
0, -3.7128863, 4.3581753, 1.9464915, 1829392291980285
1, -0.7770866, -0.25625107, -0.031315636, 1829392291980285
1, -0.7764588, -0.25603822, -0.030041799, 1829392296985168
0, -3.6053078, 4.1224422, 1.8181286, 1829392296985168
0, -3.3684437, 4.018072, 1.802077, 1829392301990051
1, -0.7757762, -0.2554651, -0.028956277, 1829392301990051
0, -3.148351, 3.8197002, 1.6646976, 1829392306994933
1, -0.7749026, -0.2550413, -0.0276938, 1829392306994933
0, -3.0354311, 3.4221725, 1.4377267, 1829392311999816
1, -0.774173, -0.2538008, -0.026939513, 1829392311999816
1, -0.77340806, -0.25236705, -0.026177268, 1829392317004699
0, -2.9449253, 3.1223288, 1.0932255, 1829392317004699
0, -2.9859693, 2.7649164, 0.55457973, 1829392322009582
1, -0.77258766, -0.25079527, -0.025298243, 1829392322009582
1, -0.7716236, -0.24931705, -0.024104891, 1829392327014465
0, -2.7106402, 2.431652, -0.0827837, 1829392327014465
1, -0.77056366, -0.2477655, -0.022763504, 1829392331988830
0, -1.95911, 2.306611, -0.78791094, 1829392331988830
1, -0.7693235, -0.2463698, -0.021115648, 1829392336993713
0, -1.0596621, 2.2531786, -1.4462051, 1829392336993713
0, -0.08030176, 2.0743608, -1.9465318, 1829392341998596
1, -0.76792914, -0.24515468, -0.019219471, 1829392341998596
0, 0.93463063, 1.6135798, -2.4826853, 1829392347003478
1, -0.7663509, -0.24447419, -0.01690954, 1829392347003478
1, -0.7649304, -0.24364969, -0.014778777, 1829392352008361
0, 1.7620668, 0.7525883, -2.9863172, 1829392352008361
0, 2.5454702, -0.4231491, -3.3559067, 1829392357013244
1, -0.7636604, -0.2430623, -0.012581509, 1829392357013244
0, 3.4090872, -1.8089113, -3.7415807, 1829392362018127
1, -0.76262456, -0.24278404, -0.010314917, 1829392362018127
0, 4.2223396, -3.1451225, -4.3096805, 1829392366992492
1, -0.7618934, -0.24298964, -0.007978032, 1829392366992492
1, -0.76159286, -0.2435176, -0.005767916, 1829392371997375
0, 4.4508724, -4.4112177, -4.888158, 1829392371997375
0, 4.8853903, -5.2682066, -5.725514, 1829392377002258
1, -0.76169807, -0.24450411, -0.0037181296, 1829392377002258
0, 6.2794933, -5.5878515, -5.74844, 1829392382007140
1, -0.7620203, -0.24635614, -0.001707449, 1829392382007140
0, 6.9705143, -5.5526133, -5.4169407, 1829392387012023
1, -0.7622731, -0.2494116, 3.3441413E-4, 1829392387012023
0, 7.198441, -5.4170647, -5.088849, 1829392392016906
1, -0.7625734, -0.25267488, 0.0017382617, 1829392392016906
0, 7.56264, -5.727228, -5.3902926, 1829392397021789
1, -0.76280063, -0.2560984, 0.002596099, 1829392397021789
0, 6.9641466, -5.6856117, -6.661138, 1829392402026672
1, -0.763057, -0.25940046, 0.0028430214, 1829392402026672
0, 6.3219934, -4.8853493, -7.3488307, 1829392407031555
1, -0.76329255, -0.26287088, 0.0029644961, 1829392407031555
0, 6.786883, -3.7574587, -6.8641763, 1829392412005920
1, -0.7636437, -0.2661471, 0.0027667528, 1829392412005920
0, 6.4126573, -2.4221163, -5.0534544, 1829392417010803
1, -0.76395386, -0.26952922, 0.0025052943, 1829392417010803
0, 6.518656, -0.6792383, -2.7097783, 1829392422015685
1, -0.764082, -0.27291033, 0.0021762212, 1829392422015685
0, 6.271989, 0.984498, -0.18513751, 1829392427020568
1, -0.7637917, -0.27649927, 0.0020356826, 1829392427020568
1, -0.7633702, -0.27929205, 0.0013492673, 1829392432025451
0, 5.545376, 2.1541271, 1.1561439, 1829392432025451
0, 4.904066, 2.0166569, 0.7653036, 1829392437030334
1, -0.76277286, -0.28154403, 1.9881738E-4, 1829392437030334
0, 4.243379, 0.4100399, 1.1180935, 1829392442035217
1, -0.7620865, -0.28300956, -0.0016859795, 1829392442035217
0, 3.0133038, -1.2096653, 2.7119608, 1829392447040099
1, -0.7611578, -0.2836439, -0.0043926076, 1829392447040099
1, -0.76015466, -0.2828163, -0.008152065, 1829392452014465
0, 0.6091752, -2.6636505, 3.0309172, 1829392452014465
0, -2.1574965, -4.2947445, 1.4422035, 1829392457019347
1, -0.7590533, -0.2809359, -0.012231128, 1829392457019347
0, -4.129635, -5.62243, -0.10003877, 1829392462024230
1, -0.7579527, -0.27842876, -0.01606376, 1829392462024230
1, -0.75673527, -0.27595255, -0.019288948, 1829392467029113
0, -4.9899163, -6.419139, -0.39996982, 1829392467029113
1, -0.75564057, -0.27278197, -0.02268874, 1829392472033996
0, -5.035762, -6.7847557, 0.991663, 1829392472033996
1, -0.75451547, -0.26913324, -0.02621338, 1829392477038879
0, -4.8507032, -6.7321615, 3.6608248, 1829392477038879
1, -0.75331783, -0.265055, -0.029875787, 1829392482043762
0, -4.8733015, -6.096945, 6.0673685, 1829392482043762
1, -0.75189435, -0.261133, -0.033300802, 1829392487048644
0, -4.8697147, -4.8634243, 7.0589895, 1829392487048644
1, -0.75047445, -0.2570481, -0.03680032, 1829392492023010
0, -5.120364, -3.4992008, 5.7079124, 1829392492023010
1, -0.74908084, -0.25347903, -0.03980765, 1829392497027892
0, -5.5283003, -2.4380894, 1.6794679, 1829392497027892
1, -0.74797124, -0.2507989, -0.04197842, 1829392502032775
0, -5.2247334, -1.5332127, -2.0179126, 1829392502032775
1, -0.74712324, -0.24939106, -0.04298656, 1829392507037658
0, -4.688101, -0.74938583, -3.281903, 1829392507037658
1, -0.74681735, -0.24791762, -0.043944865, 1829392512042541
0, -4.412813, -0.25342464, -2.8262575, 1829392512042541
1, -0.74678636, -0.24667647, -0.04465569, 1829392517047424
0, -4.0798206, -0.1446991, -2.4178562, 1829392517047424
1, -0.7469766, -0.24559884, -0.04525749, 1829392522052306
0, -3.7076943, -0.3149786, -2.839329, 1829392522052306
1, -0.7472097, -0.24480897, -0.04565381, 1829392527057189
0, -3.6802187, -0.65585136, -2.7539225, 1829392527057189
0, -3.69027, -0.95547867, -0.86032367, 1829392532031555
1, -0.74770004, -0.24304044, -0.046784822, 1829392532031555
0, -3.4708078, -1.128686, 1.8817246, 1829392537036437
1, -0.7481661, -0.24066849, -0.048208382, 1829392537036437
0, -3.3878226, -1.2347126, 3.7708764, 1829392542041320
1, -0.74851406, -0.23781197, -0.049786046, 1829392542041320
0, -3.6681108, -1.2063808, 4.3815823, 1829392547046203
1, -0.7486437, -0.23483579, -0.051180962, 1829392547046203
0, -4.0876894, -1.2754383, 4.42571, 1829392552051086
1, -0.7487634, -0.23114723, -0.052797973, 1829392552051086
0, -4.4632545, -1.5057535, 4.154644, 1829392557055969
1, -0.7487899, -0.22697593, -0.05435116, 1829392557055969
1, -0.7487683, -0.22218153, -0.055823475, 1829392562060851
0, -4.706698, -1.8892965, 3.7052517, 1829392562060851
0, -4.891336, -2.1652212, 2.9756498, 1829392567065734
1, -0.74863565, -0.2170698, -0.056919806, 1829392567065734
0, -5.187496, -2.485402, 2.009766, 1829392572040099
1, -0.7486575, -0.21106935, -0.05817799, 1829392572040099
0, -5.443862, -2.874423, 1.1724143, 1829392577044982
1, -0.7488007, -0.20464131, -0.05921342, 1829392577044982
0, -5.384059, -3.2212076, 0.7208061, 1829392582049865
1, -0.7490993, -0.19806512, -0.05992002, 1829392582049865
0, -5.064884, -3.3308802, 0.8674253, 1829392587054748
1, -0.7495529, -0.19157803, -0.060239535, 1829392587054748
0, -4.4047513, -3.2523699, 1.3444201, 1829392592059631
1, -0.7501209, -0.18539995, -0.060143054, 1829392592059631
0, -3.5684094, -3.0819654, 1.8181093, 1829392597064514
1, -0.7507544, -0.1796365, -0.0596653, 1829392597064514
0, -2.5928211, -2.8507462, 2.4346552, 1829392602069396
1, -0.75137824, -0.17431793, -0.058834895, 1829392602069396
0, -1.5311751, -2.474453, 3.2930303, 1829392607074279
1, -0.75184876, -0.16951923, -0.057597764, 1829392607074279
0, -0.33941555, -2.1178274, 3.7931573, 1829392612048644
1, -0.7521036, -0.16495454, -0.05626688, 1829392612048644
0, 0.95979404, -1.7684174, 3.5728748, 1829392617053527
1, -0.75203365, -0.16065733, -0.054869767, 1829392617053527
0, 2.036457, -1.469696, 2.9928503, 1829392622058410
1, -0.75162697, -0.1565685, -0.05359243, 1829392622058410
0, 2.610557, -1.2457838, 2.2954986, 1829392627063293
1, -0.7509293, -0.15257937, -0.052526552, 1829392627063293
0, 2.8813126, -1.1446047, 1.2956655, 1829392632068176
1, -0.7500381, -0.1484804, -0.05182675, 1829392632068176
0, 3.126546, -0.95609856, 0.11384022, 1829392637073058
1, -0.7490483, -0.14433753, -0.051455803, 1829392637073058
1, -0.7480567, -0.14031161, -0.051358506, 1829392642077941
0, 3.4795556, -0.39427662, -0.6693438, 1829392642077941
0, 3.7336714, 0.48957634, -0.7550062, 1829392647082824
1, -0.7471181, -0.1365116, -0.0515126, 1829392647082824
1, -0.7461851, -0.13327429, -0.05161001, 1829392652057189
0, 3.7622347, 1.3626347, -0.20272446, 1829392652057189
0, 3.5927722, 2.180215, 0.49433053, 1829392657062072
1, -0.74520737, -0.13046291, -0.051665027, 1829392657062072
0, 3.0752594, 2.8662825, 1.0950012, 1829392662066955
1, -0.74414855, -0.12795706, -0.051715765, 1829392662066955
0, 2.3133678, 3.3831034, 1.4687732, 1829392667071838
1, -0.74301267, -0.12549163, -0.051931884, 1829392667071838
1, -0.74176306, -0.12323527, -0.052107133, 1829392672076721
0, 1.4873528, 3.578125, 1.313837, 1829392672076721
0, 0.7296283, 3.5833654, 1.0285618, 1829392677081603
1, -0.7404542, -0.12106175, -0.05230024, 1829392677081603
0, 0.02477169, 3.557047, 0.87514436, 1829392682086486
1, -0.7391303, -0.11895989, -0.052431565, 1829392682086486
0, -0.6909213, 3.446704, 0.70121896, 1829392687091369
1, -0.73785126, -0.116744116, -0.05259966, 1829392687091369
1, -0.73660636, -0.11466858, -0.052522432, 1829392692065734
0, -1.2586699, 3.2645626, 0.5674864, 1829392692065734
1, -0.735415, -0.11257043, -0.052288588, 1829392697070617
0, -1.6968613, 3.0635147, 0.658121, 1829392697070617
0, -2.003453, 2.8746576, 0.63079, 1829392702075500
1, -0.7342776, -0.11045648, -0.051915444, 1829392702075500
0, -2.0989845, 2.585743, 0.6289992, 1829392707080383
1, -0.733222, -0.108106926, -0.05156687, 1829392707080383
1, -0.7321698, -0.1059083, -0.050990082, 1829392712085265
0, -1.7885273, 2.4358768, 0.6976753, 1829392712085265
0, -1.5310869, 2.2260742, 0.6569069, 1829392717090148
1, -0.73113877, -0.103662625, -0.050484013, 1829392717090148
0, -1.2531505, 2.0088224, 0.60773313, 1829392722064514
1, -0.73014104, -0.10140056, -0.050074004, 1829392722064514
0, -1.0787339, 1.8799305, 0.5613599, 1829392727069396
1, -0.7292394, -0.09846738, -0.05033317, 1829392727069396
1, -0.7282658, -0.095917664, -0.050283793, 1829392732074279
0, -1.1442592, 1.8082047, 0.7398208, 1829392732074279
0, -1.0806695, 1.6215773, 0.9461195, 1829392737079162
1, -0.72727114, -0.09318842, -0.050417263, 1829392737079162
0, -0.94830906, 1.3248911, 0.87853163, 1829392742084045
1, -0.7262502, -0.090293184, -0.050759055, 1829392742084045
0, -0.7476547, 1.1310349, 0.74754596, 1829392747088928
1, -0.72522473, -0.08697091, -0.05158932, 1829392747088928
0, -0.4551648, 0.8939419, 0.45586413, 1829392752093810
1, -0.7241385, -0.08393544, -0.052272562, 1829392752093810
0, -0.47056103, 0.8191929, 0.21729714, 1829392757098693
1, -0.7230506, -0.08091822, -0.053056017, 1829392757098693
0, -0.44821513, 0.83024883, 0.21614724, 1829392762103576
1, -0.72196066, -0.0779143, -0.053884834, 1829392762103576
0, -0.5215349, 0.87688446, 0.24647832, 1829392767108459
1, -0.7208942, -0.074673645, -0.05494909, 1829392767108459
0, -0.6273725, 0.94011974, 0.24820733, 1829392772082824
1, -0.71979564, -0.07163928, -0.055762302, 1829392772082824
0, -0.28150272, 1.1038513, 0.12740868, 1829392777087707
1, -0.71866757, -0.068591446, -0.056486752, 1829392777087707
0, 0.122976065, 1.2506609, -0.03638795, 1829392782092590
1, -0.7175225, -0.0656146, -0.05707669, 1829392782092590
0, 0.47551858, 1.468955, -0.24979433, 1829392787066955
1, -0.71641153, -0.062354118, -0.0579029, 1829392787066955
0, 0.69086707, 1.6248512, -0.35286975, 1829392792071838
1, -0.715256, -0.059512027, -0.058219288, 1829392792071838
0, 0.5950837, 1.5200119, -0.45983818, 1829392797076721
1, -0.7141216, -0.056641646, -0.058390003, 1829392797076721
0, 0.9865668, 1.5662832, -0.47275776, 1829392802081603
1, -0.712993, -0.05384086, -0.05823677, 1829392802081603
0, 1.7047089, 1.8013735, -0.39864326, 1829392807055969
1, -0.7119065, -0.050703544, -0.05834941, 1829392807055969
0, 2.073358, 1.8326674, -0.36489236, 1829392812060851
1, -0.7107722, -0.048209738, -0.057835825, 1829392812060851
0, 2.2051926, 1.9569016, -0.34802142, 1829392817065734
1, -0.70961297, -0.045868993, -0.057165876, 1829392817065734
0, 1.9220572, 2.0904102, -0.37945783, 1829392822070617
1, -0.7084293, -0.043515142, -0.05639685, 1829392822070617
0, 2.3348238, 1.9319782, -0.57107925, 1829392827075500
1, -0.7072625, -0.04082672, -0.055848107, 1829392827075500
0, 2.6088753, 1.8595219, -0.59390557, 1829392832080383
1, -0.706089, -0.0388366, -0.054597072, 1829392832080383
0, 2.5739655, 1.7389488, -0.6234827, 1829392837085265
1, -0.7049163, -0.03698626, -0.053215668, 1829392837085265
0, 2.5991151, 1.5345392, -0.76058483, 1829392842090148
1, -0.70374006, -0.035222676, -0.051732052, 1829392842090148
0, 2.7101836, 1.2845631, -0.9141076, 1829392847064514
1, -0.7025656, -0.033553872, -0.05017102, 1829392847064514
0, 2.9765263, 1.0393457, -1.1730893, 1829392852069396
1, -0.70140207, -0.031403195, -0.04912274, 1829392852069396
0, 3.1311076, 0.8608761, -1.5586493, 1829392857074279
1, -0.70020825, -0.030041248, -0.047398176, 1829392857074279
0, 3.044567, 0.7442999, -1.7422967, 1829392862079162
1, -0.6990351, -0.02878641, -0.045689415, 1829392862079162
0, 2.7012136, 0.7087736, -1.8628902, 1829392867084045
1, -0.69788975, -0.027489362, -0.044069998, 1829392867084045
0, 2.5705767, 0.75426674, -1.9056109, 1829392872088928
1, -0.69680774, -0.025620371, -0.043065004, 1829392872088928
0, 2.3698745, 0.86157036, -1.8221837, 1829392877093810
1, -0.6957634, -0.024267303, -0.041578297, 1829392877093810
0, 2.2739959, 1.0091381, -1.6218286, 1829392882098693
1, -0.69478816, -0.022942701, -0.040100954, 1829392882098693
0, 2.3503585, 1.1731234, -1.3184392, 1829392887103576
1, -0.69390064, -0.021673976, -0.0385758, 1829392887103576
0, 2.3576088, 1.2148294, -0.82411015, 1829392892108459
1, -0.6931014, -0.019558957, -0.037902147, 1829392892108459
0, 2.9778147, 0.4840765, -0.7463193, 1829392897113342
1, -0.6923611, -0.018505475, -0.036116004, 1829392897113342
0, 3.8759542, 0.041044235, -0.29651955, 1829392902118224
1, -0.6917309, -0.01798212, -0.033934746, 1829392902118224
0, 4.2670646, -0.1674385, 0.19802412, 1829392907123107
1, -0.69115245, -0.01784375, -0.031668004, 1829392907123107
0, 4.404252, -0.3737297, 0.46254733, 1829392912127990
1, -0.6905798, -0.017186815, -0.030313158, 1829392912127990
0, 4.284581, -0.71178627, 0.37184143, 1829392917132873
1, -0.68995047, -0.017495347, -0.028359383, 1829392917132873
0, 3.9175067, -1.071497, 0.105103225, 1829392922107238
1, -0.6892705, -0.017905273, -0.02671808, 1829392922107238
0, 3.3370402, -1.2447414, -0.485636, 1829392927112121
1, -0.6885589, -0.018361041, -0.025411708, 1829392927112121
1, -0.68791616, -0.018037148, -0.025222281, 1829392932117004
0, 2.4916813, -1.2220287, -1.2187451, 1829392932117004
0, 1.9168563, -1.0990381, -1.7242224, 1829392937121887
1, -0.6873498, -0.018496146, -0.02439044, 1829392937121887
0, 1.3138881, -0.9475107, -2.0776753, 1829392942126769
1, -0.6869188, -0.018950574, -0.023697885, 1829392942126769
0, 0.6727778, -0.8844738, -2.2761319, 1829392947131652
1, -0.6866489, -0.01925681, -0.023149515, 1829392947131652
0, 0.7309225, -0.90024376, -2.4207923, 1829392952136535
1, -0.68653524, -0.018777533, -0.023417708, 1829392952136535
0, 0.98275113, -0.8632088, -2.765664, 1829392957141418
1, -0.68652666, -0.019005893, -0.022957064, 1829392957141418
0, 1.2794921, -0.87625504, -3.26222, 1829392962146301
1, -0.6866696, -0.01919137, -0.022583373, 1829392962146301
0, 1.6953156, -0.9345045, -3.7467983, 1829392967120666
1, -0.68699604, -0.019327153, -0.022309655, 1829392967120666
0, 2.1461818, -1.0784826, -3.8523703, 1829392972125549
1, -0.68755007, -0.018796504, -0.02280301, 1829392972125549
0, 2.701282, -1.3128452, -3.2601342, 1829392977130431
1, -0.6883091, -0.01892605, -0.022681594, 1829392977130431
0, 3.4294515, -1.6829386, -2.224159, 1829392982135314
1, -0.6892781, -0.019143708, -0.02259222, 1829392982135314
0, 4.090378, -2.028575, -1.0977368, 1829392987140197
1, -0.69040334, -0.019486299, -0.022566613, 1829392987140197
0, 4.608936, -2.675209, -0.25480625, 1829392992145080
1, -0.69160175, -0.019066863, -0.023596887, 1829392992145080
0, 6.1134872, -3.8212614, 0.15656689, 1829392997149963
1, -0.69273937, -0.020002505, -0.023778746, 1829392997149963
0, 6.1058345, -3.8498936, 0.24577156, 1829393002124328
1, -0.6938077, -0.021420768, -0.024110291, 1829393002124328
0, 5.841981, -3.6089506, -0.22588974, 1829393007129211
1, -0.6948353, -0.023160847, -0.024653023, 1829393007129211
0, 5.504841, -3.0795908, -0.6195417, 1829393012134094
1, -0.69591343, -0.024729006, -0.025846291, 1829393012134094
0, 5.02296, -2.326724, -0.6007777, 1829393017138976
1, -0.69705987, -0.02726739, -0.026486078, 1829393017138976
0, 4.5213695, -1.5635471, -0.21323305, 1829393022143859
1, -0.6982656, -0.030262696, -0.02706856, 1829393022143859
0, 4.001049, -0.86426544, 0.2514058, 1829393027148742
1, -0.6994544, -0.03363333, -0.027606642, 1829393027148742
1, -0.7006077, -0.03659719, -0.02883206, 1829393032153625
0, 3.5801878, -0.40815258, 0.41334194, 1829393032153625
1, -0.7016375, -0.040359825, -0.029547147, 1829393037158508
0, 3.1721647, -0.3839302, 0.18570381, 1829393037158508
0, 2.4777722, -0.5161629, -0.4236508, 1829393042163390
1, -0.70260316, -0.04418251, -0.030497544, 1829393042163390
0, 2.0420241, -0.9578209, -1.164319, 1829393047168273
1, -0.70355743, -0.048045583, -0.03176316, 1829393047168273
0, 1.2475206, -1.5245132, -2.4187505, 1829393052142639
1, -0.7046586, -0.0512898, -0.033984452, 1829393052142639
0, 0.63852644, -2.173071, -3.8633611, 1829393057117004
1, -0.70602643, -0.054930765, -0.036084995, 1829393057117004
0, 0.09076655, -2.8342314, -4.902697, 1829393062121887
1, -0.70784646, -0.05843003, -0.0385914, 1829393062121887
0, -0.5090711, -3.591794, -5.2893934, 1829393067126769
1, -0.7101489, -0.061735198, -0.04143461, 1829393067126769
0, -1.0698658, -4.3072186, -5.096891, 1829393072131652
1, -0.7129205, -0.06431112, -0.045122188, 1829393072131652
0, -1.7621325, -4.9543123, -4.8675275, 1829393077136535
1, -0.71602565, -0.067131534, -0.04855332, 1829393077136535
0, -2.4735188, -5.5258904, -4.2959313, 1829393082141418
1, -0.7194712, -0.06964319, -0.052103266, 1829393082141418
1, -0.723159, -0.07186764, -0.05557668, 1829393087146301
0, -3.3165672, -5.8879642, -2.55155, 1829393087146301
0, -4.0019, -6.095277, -0.08167434, 1829393092151183
1, -0.7269465, -0.07367065, -0.058944903, 1829393092151183
0, -4.37733, -6.1403036, 2.1532102, 1829393097156066
1, -0.7306598, -0.07578668, -0.061427474, 1829393097156066
0, -4.564247, -6.017892, 3.885234, 1829393102130431
1, -0.7342408, -0.07806004, -0.06313429, 1829393102130431
